{"stats":{"minecraft:broken":{"minecraft:stone_pickaxe":1,"minecraft:stone_axe":2,"minecraft:stone_sword":1},"minecraft:used":{"minecraft:iron_shovel":128,"minecraft:chest":16,"minecraft:shield":24,"minecraft:bell":2,"minecraft:player_head":1,"minecraft:jungle_planks":31,"minecraft:carrot":31,"minecraft:jungle_slab":26,"minecraft:jungle_sapling":41,"minecraft:lava_bucket":18,"minecraft:hay_block":1,"minecraft:furnace":4,"minecraft:egg":1,"minecraft:brown_concrete_powder":24,"minecraft:golden_boots":1,"minecraft:cactus":12,"minecraft:stone_pickaxe":133,"minecraft:oak_planks":25,"minecraft:blackstone":2,"minecraft:wooden_pickaxe":17,"minecraft:diamond_axe":799,"minecraft:jungle_boat":5,"minecraft:golden_apple":2,"minecraft:sand":5,"minecraft:cyan_bed":1,"minecraft:bread":35,"minecraft:gravel":76,"minecraft:smithing_table":1,"minecraft:andesite":28,"minecraft:oak_boat":7,"minecraft:bone_meal":9,"minecraft:oak_trapdoor":2,"minecraft:oak_fence":13,"minecraft:stone_sword":101,"minecraft:flint_and_steel":1,"minecraft:stone_shovel":54,"minecraft:stone_hoe":81,"minecraft:netherrack":100,"minecraft:torch":131,"minecraft:brewing_stand":1,"minecraft:dirt":36,"minecraft:hopper":1,"minecraft:wooden_axe":49,"minecraft:oak_stairs":6,"minecraft:jungle_log":5,"minecraft:bamboo":66,"minecraft:cooked_beef":7,"minecraft:cooked_mutton":7,"minecraft:water_bucket":31,"minecraft:fletching_table":1,"minecraft:green_bed":5,"minecraft:cobblestone_slab":30,"minecraft:crafting_table":26,"minecraft:oak_slab":42,"minecraft:lime_bed":5,"minecraft:white_bed":14,"minecraft:smoker":3,"minecraft:oak_log":3,"minecraft:diamond_pickaxe":949,"minecraft:apple":3,"minecraft:diamond_shovel":567,"minecraft:iron_pickaxe":240,"minecraft:jungle_stairs":9,"minecraft:stone_axe":181,"minecraft:cobblestone":99,"minecraft:cooked_porkchop":3,"minecraft:bucket":50,"minecraft:yellow_bed":3},"minecraft:mined":{"minecraft:large_amethyst_bud":1,"minecraft:white_bed":12,"minecraft:jungle_slab":6,"minecraft:jungle_leaves":13,"minecraft:brewing_stand":1,"minecraft:cave_vines_plant":3,"minecraft:granite":15,"minecraft:grass_block":83,"minecraft:jungle_log":547,"minecraft:composter":1,"minecraft:glowstone":12,"minecraft:iron_ore":45,"minecraft:fire":65,"minecraft:pumpkin":12,"minecraft:moss_carpet":3,"minecraft:deepslate_lapis_ore":3,"minecraft:cave_vines":7,"minecraft:dirt_path":3,"minecraft:oak_stairs":6,"minecraft:azalea":2,"minecraft:green_bed":5,"minecraft:deepslate_redstone_ore":18,"minecraft:smoker":2,"minecraft:amethyst_cluster":5,"minecraft:clay":5,"minecraft:torch":5,"minecraft:jungle_stairs":2,"minecraft:calcite":2,"minecraft:melon":7,"minecraft:chest":8,"minecraft:dead_bush":3,"minecraft:nether_quartz_ore":28,"minecraft:cobblestone":11,"minecraft:cyan_bed":1,"minecraft:sugar_cane":8,"minecraft:oak_planks":10,"minecraft:wall_torch":3,"minecraft:amethyst_block":5,"minecraft:warped_nylium":30,"minecraft:wheat":11,"minecraft:oak_log":77,"minecraft:beetroots":3,"minecraft:sand":421,"minecraft:dirt":30,"minecraft:smooth_basalt":2,"minecraft:netherrack":443,"minecraft:oak_leaves":31,"minecraft:deepslate":71,"minecraft:nether_gold_ore":85,"minecraft:tuff":11,"minecraft:brown_concrete":24,"minecraft:mossy_cobblestone":1,"minecraft:deepslate_diamond_ore":15,"minecraft:oak_door":1,"minecraft:jungle_planks":23,"minecraft:moss_block":66,"minecraft:hay_block":77,"minecraft:redstone_ore":4,"minecraft:oak_trapdoor":1,"minecraft:furnace":1,"minecraft:carrots":16,"minecraft:jungle_sapling":2,"minecraft:nether_sprouts":5,"minecraft:andesite":39,"minecraft:gold_block":2,"minecraft:bell":3,"minecraft:potatoes":2,"minecraft:deepslate_iron_ore":27,"minecraft:shroomlight":1,"minecraft:vine":27,"minecraft:bamboo_sapling":2,"minecraft:bamboo":33,"minecraft:stone":229,"minecraft:podzol":1,"minecraft:flowering_azalea":1,"minecraft:glass_pane":1,"minecraft:dandelion":4,"minecraft:smooth_sandstone":42,"minecraft:oak_fence":22,"minecraft:crafting_table":15,"minecraft:short_grass":110,"minecraft:warped_roots":12,"minecraft:tall_grass":20,"minecraft:copper_ore":8,"minecraft:deepslate_gold_ore":15,"minecraft:diorite":16,"minecraft:big_dripleaf":2,"minecraft:warped_wart_block":5,"minecraft:cactus":6,"minecraft:lime_bed":5,"minecraft:yellow_bed":3,"minecraft:coal_ore":91,"minecraft:cocoa":16,"minecraft:gravel":211,"minecraft:fern":11},"minecraft:crafted":{"minecraft:oak_planks":264,"minecraft:cobblestone_slab":42,"minecraft:diamond_shovel":1,"minecraft:bamboo_block":7,"minecraft:hopper":1,"minecraft:diamond_helmet":1,"minecraft:diamond_leggings":1,"minecraft:chest":10,"minecraft:jungle_stairs":16,"minecraft:stone_hoe":1,"minecraft:golden_boots":1,"minecraft:smoker":1,"minecraft:oak_slab":42,"minecraft:emerald":139,"minecraft:cooked_porkchop":2,"minecraft:diamond_axe":2,"minecraft:crafting_table":15,"minecraft:jungle_boat":1,"minecraft:wooden_pickaxe":1,"minecraft:brown_dye":3,"minecraft:smithing_table":1,"minecraft:fletching_table":1,"minecraft:charcoal":4,"minecraft:diamond_pickaxe":2,"minecraft:shield":1,"minecraft:stick":3700,"minecraft:iron_ingot":74,"minecraft:iron_pickaxe":1,"minecraft:stone_sword":1,"minecraft:gold_ingot":47,"minecraft:shears":1,"minecraft:stone_shovel":11,"minecraft:furnace":4,"minecraft:bone_meal":9,"minecraft:oak_trapdoor":2,"minecraft:flint_and_steel":1,"minecraft:scaffolding":114,"minecraft:stone_pickaxe":1,"minecraft:diamond_boots":1,"minecraft:redstone_block":11,"minecraft:wheat":180,"minecraft:cooked_beef":7,"minecraft:bucket":1,"minecraft:stone_axe":2,"minecraft:jungle_slab":72,"minecraft:bread":45,"minecraft:air":0,"minecraft:jungle_planks":1972,"minecraft:oak_boat":2,"minecraft:gold_nugget":81,"minecraft:brown_concrete_powder":24,"minecraft:wooden_axe":1,"minecraft:iron_shovel":1,"minecraft:white_bed":2,"minecraft:torch":120,"minecraft:lapis_lazuli":18,"minecraft:lapis_block":2},"minecraft:picked_up":{"minecraft:wheat":23,"minecraft:oak_stairs":6,"minecraft:potion":1,"minecraft:nether_brick":6,"minecraft:brewing_stand":1,"minecraft:amethyst_block":5,"minecraft:string":13,"minecraft:raw_copper":27,"minecraft:shroomlight":1,"minecraft:beetroot":1,"minecraft:gold_nugget":358,"minecraft:cobbled_deepslate":70,"minecraft:calcite":2,"minecraft:azalea":4,"minecraft:melon_slice":36,"minecraft:iron_boots":2,"minecraft:furnace":1,"minecraft:stick":80,"minecraft:big_dripleaf":2,"minecraft:composter":1,"minecraft:oak_fence":22,"minecraft:torch":10,"minecraft:green_bed":5,"minecraft:porkchop":14,"minecraft:diorite":16,"minecraft:cactus":17,"minecraft:rotten_flesh":14,"minecraft:tropical_fish":5,"minecraft:obsidian":2,"minecraft:cobblestone":240,"minecraft:magma_cream":2,"minecraft:jungle_log":547,"minecraft:andesite":39,"minecraft:smoker":2,"minecraft:potato":2,"minecraft:flint":32,"minecraft:tuff":11,"minecraft:lapis_lazuli":24,"minecraft:dirt":125,"minecraft:bone":10,"minecraft:wheat_seeds":30,"minecraft:raw_gold":15,"minecraft:bell":3,"minecraft:bamboo":323,"minecraft:glowstone_dust":30,"minecraft:moss_block":66,"minecraft:oak_planks":74,"minecraft:ghast_tear":1,"minecraft:cooked_porkchop":3,"minecraft:warped_wart_block":3,"minecraft:sand":419,"minecraft:jungle_planks":23,"minecraft:cyan_bed":1,"minecraft:spectral_arrow":11,"minecraft:jungle_slab":6,"minecraft:mossy_cobblestone":1,"minecraft:diamond":15,"minecraft:granite":15,"minecraft:bread":5,"minecraft:oak_sapling":44,"minecraft:netherrack":448,"minecraft:cocoa_beans":65,"minecraft:crafting_table":13,"minecraft:splash_potion":2,"minecraft:clay_ball":21,"minecraft:gold_block":2,"minecraft:oak_trapdoor":1,"minecraft:moss_carpet":18,"minecraft:blackstone":26,"minecraft:beef":6,"minecraft:oak_boat":6,"minecraft:player_head":1,"minecraft:jungle_sapling":46,"minecraft:iron_nugget":24,"minecraft:poppy":3,"minecraft:sugar_cane":20,"minecraft:chest":8,"minecraft:egg":2,"minecraft:raw_iron":72,"minecraft:oak_door":1,"minecraft:fire_charge":2,"minecraft:carrot":31,"minecraft:redstone":104,"minecraft:stone_shovel":3,"minecraft:arrow":6,"minecraft:beetroot_seeds":4,"minecraft:jungle_stairs":2,"minecraft:shears":1,"minecraft:hay_block":77,"minecraft:gold_ingot":15,"minecraft:glow_berries":2,"minecraft:mutton":6,"minecraft:white_wool":26,"minecraft:lime_bed":5,"minecraft:jungle_boat":5,"minecraft:leather":12,"minecraft:brown_concrete":24,"minecraft:oak_log":77,"minecraft:yellow_bed":3,"minecraft:gunpowder":8,"minecraft:cooked_mutton":7,"minecraft:smooth_sandstone":42,"minecraft:apple":5,"minecraft:iron_ingot":35,"minecraft:soul_sand":28,"minecraft:flowering_azalea":3,"minecraft:smooth_basalt":2,"minecraft:pumpkin":12,"minecraft:quartz":37,"minecraft:dandelion":6,"minecraft:gravel":248,"minecraft:amethyst_shard":20,"minecraft:white_bed":12,"minecraft:crying_obsidian":7,"minecraft:spider_eye":2,"minecraft:slime_ball":3,"minecraft:gray_wool":4,"minecraft:warped_roots":9,"minecraft:coal":91,"minecraft:ender_pearl":6},"minecraft:dropped":{"minecraft:cooked_porkchop":2,"minecraft:warped_roots":9,"minecraft:jungle_planks":3,"minecraft:gold_nugget":9,"minecraft:gold_ingot":49,"minecraft:oak_planks":7,"minecraft:warped_wart_block":3,"minecraft:ghast_tear":1,"minecraft:netherrack":157,"minecraft:stone_hoe":1,"minecraft:wheat_seeds":1,"minecraft:fire_charge":2,"minecraft:potion":1,"minecraft:cactus":5,"minecraft:dandelion":1,"minecraft:stone_shovel":13,"minecraft:clay_ball":1,"minecraft:shroomlight":1,"minecraft:bamboo":53},"minecraft:custom":{"minecraft:animals_bred":2,"minecraft:interact_with_crafting_table":68,"minecraft:leave_game":1,"minecraft:time_since_death":278683,"minecraft:sprint_one_cm":745323,"minecraft:damage_blocked_by_shield":1455,"minecraft:drop":95,"minecraft:talked_to_villager":60,"minecraft:play_time":278683,"minecraft:jump":4115,"minecraft:walk_on_water_one_cm":23546,"minecraft:interact_with_furnace":28,"minecraft:traded_with_villager":155,"minecraft:sleep_in_bed":8,"minecraft:damage_dealt":18190,"minecraft:crouch_one_cm":11558,"minecraft:interact_with_smoker":10,"minecraft:mob_kills":76,"minecraft:climb_one_cm":10934,"minecraft:walk_one_cm":1024098,"minecraft:sneak_time":7008,"minecraft:walk_under_water_one_cm":18708,"minecraft:boat_one_cm":312845,"minecraft:total_world_time":278683,"minecraft:time_since_rest":9229,"minecraft:damage_taken":2042,"minecraft:damage_absorbed":80,"minecraft:swim_one_cm":65963,"minecraft:fly_one_cm":647160,"minecraft:open_chest":107,"minecraft:fall_one_cm":70255},"minecraft:killed":{"minecraft:witch":1,"minecraft:spider":4,"minecraft:skeleton":5,"minecraft:magma_cube":22,"minecraft:piglin":1,"minecraft:pig":4,"minecraft:iron_golem":9,"minecraft:creeper":6,"minecraft:sheep":3,"minecraft:zombie":5,"minecraft:ghast":1,"minecraft:cow":3,"minecraft:enderman":10}},"DataVersion":3953}