{"stats":{"minecraft:broken":{"minecraft:stone_pickaxe":1,"minecraft:stone_axe":2},"minecraft:custom":{"minecraft:mob_kills":73,"minecraft:animals_bred":2,"minecraft:interact_with_crafting_table":57,"minecraft:time_since_death":196666,"minecraft:climb_one_cm":4265,"minecraft:sprint_one_cm":506263,"minecraft:walk_one_cm":790358,"minecraft:damage_blocked_by_shield":1455,"minecraft:drop":90,"minecraft:talked_to_villager":22,"minecraft:play_time":196666,"minecraft:sneak_time":5244,"minecraft:walk_under_water_one_cm":8485,"minecraft:boat_one_cm":40098,"minecraft:jump":2875,"minecraft:walk_on_water_one_cm":12461,"minecraft:total_world_time":196666,"minecraft:interact_with_furnace":26,"minecraft:traded_with_villager":72,"minecraft:sleep_in_bed":5,"minecraft:time_since_rest":928,"minecraft:damage_taken":1820,"minecraft:damage_absorbed":80,"minecraft:damage_dealt":17648,"minecraft:swim_one_cm":6708,"minecraft:fly_one_cm":378170,"minecraft:open_chest":69,"minecraft:crouch_one_cm":9042,"minecraft:interact_with_smoker":10,"minecraft:fall_one_cm":39755},"minecraft:picked_up":{"minecraft:cocoa_beans":16,"minecraft:crafting_table":11,"minecraft:splash_potion":2,"minecraft:clay_ball":20,"minecraft:oak_stairs":6,"minecraft:potion":1,"minecraft:nether_brick":6,"minecraft:brewing_stand":1,"minecraft:amethyst_block":5,"minecraft:oak_trapdoor":1,"minecraft:raw_copper":27,"minecraft:string":13,"minecraft:moss_carpet":18,"minecraft:blackstone":26,"minecraft:shroomlight":1,"minecraft:beetroot":1,"minecraft:gold_nugget":358,"minecraft:cobbled_deepslate":70,"minecraft:beef":6,"minecraft:oak_boat":6,"minecraft:player_head":1,"minecraft:jungle_sapling":20,"minecraft:calcite":2,"minecraft:azalea":4,"minecraft:iron_nugget":24,"minecraft:poppy":3,"minecraft:sugar_cane":20,"minecraft:chest":6,"minecraft:egg":2,"minecraft:iron_boots":2,"minecraft:furnace":1,"minecraft:raw_iron":72,"minecraft:stick":46,"minecraft:oak_door":1,"minecraft:composter":1,"minecraft:big_dripleaf":2,"minecraft:oak_fence":22,"minecraft:torch":10,"minecraft:fire_charge":2,"minecraft:porkchop":14,"minecraft:diorite":16,"minecraft:carrot":31,"minecraft:redstone":100,"minecraft:arrow":6,"minecraft:stone_shovel":3,"minecraft:rotten_flesh":14,"minecraft:tropical_fish":5,"minecraft:beetroot_seeds":4,"minecraft:jungle_stairs":2,"minecraft:hay_block":65,"minecraft:gold_ingot":15,"minecraft:obsidian":2,"minecraft:glow_berries":2,"minecraft:mutton":6,"minecraft:white_wool":26,"minecraft:cobblestone":240,"minecraft:magma_cream":2,"minecraft:andesite":39,"minecraft:jungle_log":190,"minecraft:leather":12,"minecraft:smoker":2,"minecraft:potato":2,"minecraft:flint":12,"minecraft:tuff":11,"minecraft:oak_log":73,"minecraft:yellow_bed":3,"minecraft:gunpowder":8,"minecraft:lapis_lazuli":24,"minecraft:dirt":87,"minecraft:cooked_mutton":7,"minecraft:bone":10,"minecraft:apple":5,"minecraft:wheat_seeds":27,"minecraft:raw_gold":15,"minecraft:bell":3,"minecraft:iron_ingot":35,"minecraft:glowstone_dust":30,"minecraft:soul_sand":28,"minecraft:bamboo":205,"minecraft:moss_block":66,"minecraft:flowering_azalea":3,"minecraft:oak_planks":74,"minecraft:ghast_tear":1,"minecraft:smooth_basalt":2,"minecraft:cooked_porkchop":3,"minecraft:pumpkin":12,"minecraft:warped_wart_block":3,"minecraft:quartz":37,"minecraft:dandelion":5,"minecraft:jungle_planks":23,"minecraft:gravel":161,"minecraft:amethyst_shard":20,"minecraft:white_bed":10,"minecraft:jungle_slab":6,"minecraft:spectral_arrow":11,"minecraft:crying_obsidian":7,"minecraft:mossy_cobblestone":1,"minecraft:diamond":15,"minecraft:granite":15,"minecraft:gray_wool":4,"minecraft:warped_roots":9,"minecraft:oak_sapling":44,"minecraft:netherrack":448,"minecraft:coal":91,"minecraft:ender_pearl":6},"minecraft:killed":{"minecraft:spider":4,"minecraft:skeleton":5,"minecraft:magma_cube":22,"minecraft:piglin":1,"minecraft:pig":4,"minecraft:iron_golem":9,"minecraft:creeper":6,"minecraft:sheep":3,"minecraft:zombie":4,"minecraft:ghast":1,"minecraft:enderman":10,"minecraft:cow":3},"minecraft:dropped":{"minecraft:stone_hoe":1,"minecraft:wheat_seeds":1,"minecraft:cooked_porkchop":2,"minecraft:warped_roots":9,"minecraft:fire_charge":2,"minecraft:potion":1,"minecraft:gold_nugget":9,"minecraft:dandelion":1,"minecraft:gold_ingot":49,"minecraft:stone_shovel":13,"minecraft:oak_planks":7,"minecraft:shroomlight":1,"minecraft:warped_wart_block":3,"minecraft:netherrack":157},"minecraft:crafted":{"minecraft:oak_planks":248,"minecraft:cobblestone_slab":42,"minecraft:stone_shovel":11,"minecraft:furnace":4,"minecraft:bone_meal":9,"minecraft:oak_trapdoor":2,"minecraft:flint_and_steel":1,"minecraft:scaffolding":114,"minecraft:hopper":1,"minecraft:stone_pickaxe":1,"minecraft:chest":10,"minecraft:jungle_stairs":16,"minecraft:stone_hoe":1,"minecraft:wheat":180,"minecraft:golden_boots":1,"minecraft:smoker":1,"minecraft:cooked_beef":7,"minecraft:oak_slab":42,"minecraft:emerald":62,"minecraft:diamond_axe":1,"minecraft:cooked_porkchop":2,"minecraft:crafting_table":14,"minecraft:wooden_pickaxe":1,"minecraft:smithing_table":1,"minecraft:fletching_table":1,"minecraft:bucket":1,"minecraft:jungle_slab":72,"minecraft:bread":45,"minecraft:stone_axe":2,"minecraft:jungle_planks":748,"minecraft:air":0,"minecraft:oak_boat":2,"minecraft:gold_nugget":81,"minecraft:charcoal":4,"minecraft:diamond_pickaxe":1,"minecraft:shield":1,"minecraft:stick":1268,"minecraft:iron_ingot":66,"minecraft:iron_pickaxe":1,"minecraft:wooden_axe":1,"minecraft:stone_sword":1,"minecraft:iron_shovel":1,"minecraft:gold_ingot":47,"minecraft:white_bed":2,"minecraft:torch":120,"minecraft:shears":1},"minecraft:mined":{"minecraft:nether_gold_ore":85,"minecraft:large_amethyst_bud":1,"minecraft:tuff":11,"minecraft:white_bed":10,"minecraft:mossy_cobblestone":1,"minecraft:deepslate_diamond_ore":15,"minecraft:oak_door":1,"minecraft:jungle_slab":6,"minecraft:jungle_leaves":5,"minecraft:brewing_stand":1,"minecraft:cave_vines_plant":3,"minecraft:granite":15,"minecraft:grass_block":55,"minecraft:jungle_planks":23,"minecraft:jungle_log":190,"minecraft:composter":1,"minecraft:moss_block":66,"minecraft:hay_block":65,"minecraft:oak_trapdoor":1,"minecraft:redstone_ore":4,"minecraft:carrots":16,"minecraft:glowstone":12,"minecraft:furnace":1,"minecraft:jungle_sapling":1,"minecraft:nether_sprouts":5,"minecraft:iron_ore":45,"minecraft:fire":65,"minecraft:andesite":39,"minecraft:pumpkin":12,"minecraft:moss_carpet":3,"minecraft:deepslate_lapis_ore":3,"minecraft:bell":3,"minecraft:potatoes":2,"minecraft:vine":6,"minecraft:dirt_path":3,"minecraft:cave_vines":7,"minecraft:shroomlight":1,"minecraft:deepslate_iron_ore":27,"minecraft:oak_stairs":6,"minecraft:bamboo":22,"minecraft:azalea":2,"minecraft:stone":229,"minecraft:podzol":1,"minecraft:deepslate_redstone_ore":18,"minecraft:flowering_azalea":1,"minecraft:glass_pane":1,"minecraft:smoker":2,"minecraft:amethyst_cluster":5,"minecraft:dandelion":3,"minecraft:oak_fence":22,"minecraft:crafting_table":13,"minecraft:clay":5,"minecraft:torch":4,"minecraft:jungle_stairs":2,"minecraft:short_grass":88,"minecraft:calcite":2,"minecraft:warped_roots":12,"minecraft:chest":6,"minecraft:copper_ore":8,"minecraft:nether_quartz_ore":28,"minecraft:tall_grass":20,"minecraft:cobblestone":11,"minecraft:oak_planks":10,"minecraft:deepslate_gold_ore":15,"minecraft:sugar_cane":8,"minecraft:diorite":16,"minecraft:wall_torch":3,"minecraft:big_dripleaf":2,"minecraft:amethyst_block":5,"minecraft:warped_wart_block":5,"minecraft:warped_nylium":30,"minecraft:wheat":11,"minecraft:yellow_bed":3,"minecraft:oak_log":73,"minecraft:coal_ore":91,"minecraft:beetroots":3,"minecraft:gravel":103,"minecraft:dirt":20,"minecraft:smooth_basalt":2,"minecraft:netherrack":443,"minecraft:oak_leaves":28,"minecraft:deepslate":71,"minecraft:fern":4},"minecraft:used":{"minecraft:oak_trapdoor":2,"minecraft:oak_fence":13,"minecraft:stone_sword":90,"minecraft:iron_shovel":128,"minecraft:flint_and_steel":1,"minecraft:stone_shovel":54,"minecraft:chest":14,"minecraft:shield":24,"minecraft:bell":2,"minecraft:stone_hoe":81,"minecraft:netherrack":100,"minecraft:torch":131,"minecraft:brewing_stand":1,"minecraft:dirt":2,"minecraft:hopper":1,"minecraft:jungle_planks":31,"minecraft:carrot":31,"minecraft:jungle_slab":26,"minecraft:jungle_sapling":18,"minecraft:wooden_axe":49,"minecraft:lava_bucket":18,"minecraft:oak_stairs":6,"minecraft:jungle_log":3,"minecraft:furnace":4,"minecraft:egg":1,"minecraft:cooked_beef":7,"minecraft:golden_boots":1,"minecraft:cooked_mutton":7,"minecraft:water_bucket":31,"minecraft:stone_pickaxe":133,"minecraft:oak_planks":25,"minecraft:blackstone":2,"minecraft:wooden_pickaxe":17,"minecraft:fletching_table":1,"minecraft:diamond_axe":371,"minecraft:cobblestone_slab":30,"minecraft:golden_apple":2,"minecraft:oak_slab":42,"minecraft:crafting_table":24,"minecraft:white_bed":12,"minecraft:smoker":3,"minecraft:oak_log":3,"minecraft:diamond_pickaxe":881,"minecraft:apple":3,"minecraft:bread":18,"minecraft:iron_pickaxe":240,"minecraft:jungle_stairs":9,"minecraft:gravel":76,"minecraft:stone_axe":181,"minecraft:cobblestone":99,"minecraft:cooked_porkchop":3,"minecraft:smithing_table":1,"minecraft:andesite":28,"minecraft:bucket":50,"minecraft:yellow_bed":3,"minecraft:oak_boat":7,"minecraft:bone_meal":9}},"DataVersion":3953}