{"stats":{"minecraft:mined":{"minecraft:short_grass":5,"minecraft:tall_grass":1},"minecraft:killed_by":{"minecraft:spider":1},"minecraft:picked_up":{"minecraft:wheat_seeds":1},"minecraft:custom":{"minecraft:jump":11,"minecraft:time_since_rest":2334,"minecraft:damage_dealt":58,"minecraft:leave_game":1,"minecraft:deaths":1,"minecraft:sprint_one_cm":7080,"minecraft:play_time":3675,"minecraft:damage_taken":240,"minecraft:time_since_death":0,"minecraft:walk_one_cm":12525,"minecraft:total_world_time":3675,"minecraft:fly_one_cm":3424}},"DataVersion":3953}