{"stats":{"minecraft:broken":{"minecraft:wooden_axe":1},"minecraft:dropped":{"minecraft:wheat_seeds":1,"minecraft:cooked_porkchop":3,"minecraft:rotten_flesh":2,"minecraft:cooked_mutton":7,"minecraft:white_wool":1},"minecraft:used":{"minecraft:oak_trapdoor":2,"minecraft:water_bucket":4,"minecraft:stone_pickaxe":3,"minecraft:chest":2,"minecraft:birch_boat":5,"minecraft:wooden_pickaxe":3,"minecraft:cobblestone_slab":14,"minecraft:torch":1,"minecraft:dirt":10,"minecraft:hopper":1,"minecraft:crafting_table":5,"minecraft:birch_sign":1,"minecraft:carrot":1,"minecraft:white_bed":10,"minecraft:shears":1,"minecraft:lever":1,"minecraft:diamond_pickaxe":69,"minecraft:wooden_axe":84,"minecraft:apple":1,"minecraft:string":4,"minecraft:birch_sapling":2,"minecraft:bamboo":7,"minecraft:tripwire_hook":2,"minecraft:cobblestone":22,"minecraft:cooked_porkchop":5,"minecraft:bucket":3,"minecraft:andesite":11,"minecraft:dandelion":2},"minecraft:crafted":{"minecraft:oak_planks":12,"minecraft:cobblestone_slab":12,"minecraft:emerald":32,"minecraft:tripwire_hook":2,"minecraft:cooked_porkchop":6,"minecraft:crafting_table":1,"minecraft:wooden_pickaxe":1,"minecraft:birch_boat":2,"minecraft:smithing_table":4,"minecraft:lever":1,"minecraft:birch_planks":84,"minecraft:cooked_mutton":14,"minecraft:air":0,"minecraft:hopper":1,"minecraft:white_wool":16,"minecraft:diamond_pickaxe":1,"minecraft:stick":4,"minecraft:iron_ingot":6,"minecraft:stone_pickaxe":1,"minecraft:wooden_axe":2,"minecraft:chest":3,"minecraft:white_bed":5,"minecraft:torch":4,"minecraft:shears":1,"minecraft:birch_sign":3},"minecraft:mined":{"minecraft:white_bed":5,"minecraft:dandelion":2,"minecraft:crafting_table":4,"minecraft:short_grass":115,"minecraft:grass_block":34,"minecraft:cobblestone":7,"minecraft:tall_grass":1,"minecraft:oak_planks":1,"minecraft:diorite":3,"minecraft:oak_trapdoor":4,"minecraft:carrots":1,"minecraft:birch_log":37,"minecraft:iron_ore":6,"minecraft:andesite":11,"minecraft:pumpkin":1,"minecraft:coal_ore":16,"minecraft:oak_log":33,"minecraft:cobblestone_slab":2,"minecraft:dirt":6,"minecraft:bamboo":1,"minecraft:stone":27,"minecraft:tripwire":2,"minecraft:oak_leaves":5},"minecraft:custom":{"minecraft:interact_with_furnace":4,"minecraft:mob_kills":16,"minecraft:inspect_hopper":2,"minecraft:traded_with_villager":32,"minecraft:interact_with_crafting_table":19,"minecraft:leave_game":9,"minecraft:time_since_death":75748,"minecraft:sleep_in_bed":6,"minecraft:climb_one_cm":410,"minecraft:time_since_rest":7803,"minecraft:sprint_one_cm":166306,"minecraft:damage_taken":255,"minecraft:walk_one_cm":140181,"minecraft:drop":6,"minecraft:damage_dealt":1705,"minecraft:swim_one_cm":4793,"minecraft:talked_to_villager":8,"minecraft:fly_one_cm":79098,"minecraft:open_chest":26,"minecraft:crouch_one_cm":363,"minecraft:play_time":75748,"minecraft:sneak_time":231,"minecraft:walk_under_water_one_cm":1837,"minecraft:boat_one_cm":66030,"minecraft:jump":439,"minecraft:interact_with_brewingstand":1,"minecraft:walk_on_water_one_cm":6715,"minecraft:interact_with_smoker":13,"minecraft:total_world_time":75748,"minecraft:fall_one_cm":11321},"minecraft:killed":{"minecraft:sheep":6,"minecraft:zombie":1,"minecraft:drowned":1,"minecraft:cow":8},"minecraft:picked_up":{"minecraft:birch_log":37,"minecraft:crafting_table":5,"minecraft:andesite":11,"minecraft:leather":10,"minecraft:brown_wool":2,"minecraft:lead":2,"minecraft:oak_log":33,"minecraft:string":1421,"minecraft:dirt":39,"minecraft:oak_trapdoor":4,"minecraft:apple":2,"minecraft:wheat_seeds":18,"minecraft:beef":13,"minecraft:cobblestone_slab":2,"minecraft:bamboo":7,"minecraft:birch_sapling":18,"minecraft:oak_planks":1,"minecraft:stick":23,"minecraft:raw_iron":6,"minecraft:pumpkin":1,"minecraft:birch_boat":4,"minecraft:cooked_porkchop":2,"minecraft:dandelion":2,"minecraft:diorite":3,"minecraft:white_bed":5,"minecraft:carrot":3,"minecraft:rotten_flesh":2,"minecraft:oak_sapling":20,"minecraft:mutton":8,"minecraft:coal":16,"minecraft:white_wool":4,"minecraft:cobblestone":34}},"DataVersion":3953}