{"stats":{"minecraft:broken":{"minecraft:wooden_axe":1},"minecraft:dropped":{"minecraft:stone_hoe":10,"minecraft:wheat_seeds":1,"minecraft:cooked_porkchop":3,"minecraft:rotten_flesh":2,"minecraft:cooked_mutton":7,"minecraft:arrow":160,"minecraft:bow":14,"minecraft:white_wool":1},"minecraft:used":{"minecraft:oak_trapdoor":24,"minecraft:cooked_mutton":3,"minecraft:water_bucket":6,"minecraft:diorite":5,"minecraft:iron_shovel":136,"minecraft:stone_pickaxe":3,"minecraft:chest":2,"minecraft:birch_boat":5,"minecraft:wooden_pickaxe":3,"minecraft:fletching_table":1,"minecraft:cobblestone_slab":14,"minecraft:torch":21,"minecraft:dirt":51,"minecraft:hopper":1,"minecraft:crafting_table":6,"minecraft:birch_sign":5,"minecraft:carrot":1,"minecraft:white_bed":21,"minecraft:shears":1,"minecraft:lever":1,"minecraft:diamond_pickaxe":259,"minecraft:wooden_axe":85,"minecraft:apple":1,"minecraft:string":4,"minecraft:birch_sapling":2,"minecraft:stone_axe":14,"minecraft:bamboo":22,"minecraft:tripwire_hook":2,"minecraft:cobblestone":45,"minecraft:furnace":1,"minecraft:smithing_table":1,"minecraft:cooked_porkchop":5,"minecraft:bucket":6,"minecraft:andesite":11,"minecraft:dandelion":2},"minecraft:crafted":{"minecraft:oak_planks":72,"minecraft:cobblestone_slab":12,"minecraft:arrow":10,"minecraft:emerald":96,"minecraft:tripwire_hook":2,"minecraft:cooked_porkchop":6,"minecraft:crafting_table":2,"minecraft:wooden_pickaxe":1,"minecraft:birch_boat":2,"minecraft:smithing_table":4,"minecraft:furnace":1,"minecraft:stone":7,"minecraft:fletching_table":1,"minecraft:lever":1,"minecraft:birch_planks":148,"minecraft:stone_axe":1,"minecraft:cooked_mutton":14,"minecraft:air":0,"minecraft:oak_trapdoor":20,"minecraft:scaffolding":66,"minecraft:hopper":1,"minecraft:bow":13,"minecraft:white_wool":16,"minecraft:diamond_pickaxe":1,"minecraft:stick":4,"minecraft:iron_ingot":6,"minecraft:stone_pickaxe":1,"minecraft:wooden_axe":2,"minecraft:chest":3,"minecraft:iron_shovel":1,"minecraft:stonecutter":1,"minecraft:white_bed":6,"minecraft:stone_hoe":10,"minecraft:torch":44,"minecraft:shears":1,"minecraft:birch_sign":6},"minecraft:mined":{"minecraft:white_bed":18,"minecraft:dandelion":2,"minecraft:crafting_table":4,"minecraft:torch":5,"minecraft:granite":7,"minecraft:short_grass":127,"minecraft:grass_block":106,"minecraft:cobblestone":17,"minecraft:tall_grass":2,"minecraft:lapis_ore":2,"minecraft:oak_planks":6,"minecraft:diorite":9,"minecraft:wall_torch":1,"minecraft:oak_trapdoor":4,"minecraft:carrots":1,"minecraft:birch_log":37,"minecraft:iron_ore":13,"minecraft:andesite":11,"minecraft:pumpkin":1,"minecraft:yellow_bed":2,"minecraft:coal_ore":18,"minecraft:oak_log":33,"minecraft:cobblestone_slab":12,"minecraft:rail":30,"minecraft:dirt":69,"minecraft:birch_wall_sign":1,"minecraft:bamboo_sapling":1,"minecraft:bamboo":9,"minecraft:stone":141,"minecraft:tripwire":2,"minecraft:oak_leaves":5},"minecraft:custom":{"minecraft:interact_with_furnace":8,"minecraft:mob_kills":16,"minecraft:inspect_hopper":2,"minecraft:traded_with_villager":130,"minecraft:interact_with_crafting_table":29,"minecraft:leave_game":9,"minecraft:time_since_death":111748,"minecraft:sleep_in_bed":9,"minecraft:climb_one_cm":410,"minecraft:time_since_rest":4406,"minecraft:sprint_one_cm":238243,"minecraft:damage_taken":275,"minecraft:walk_one_cm":247492,"minecraft:drop":40,"minecraft:damage_dealt":1705,"minecraft:swim_one_cm":4793,"minecraft:talked_to_villager":31,"minecraft:fly_one_cm":115983,"minecraft:open_chest":46,"minecraft:crouch_one_cm":2037,"minecraft:play_time":111748,"minecraft:sneak_time":732,"minecraft:walk_under_water_one_cm":1837,"minecraft:boat_one_cm":66030,"minecraft:jump":652,"minecraft:interact_with_brewingstand":1,"minecraft:walk_on_water_one_cm":11634,"minecraft:interact_with_smoker":13,"minecraft:total_world_time":111748,"minecraft:fall_one_cm":17357},"minecraft:killed":{"minecraft:sheep":6,"minecraft:zombie":1,"minecraft:drowned":1,"minecraft:cow":8},"minecraft:picked_up":{"minecraft:birch_log":37,"minecraft:crafting_table":5,"minecraft:andesite":11,"minecraft:leather":10,"minecraft:brown_wool":2,"minecraft:lead":2,"minecraft:oak_log":33,"minecraft:yellow_bed":2,"minecraft:lapis_lazuli":12,"minecraft:string":2655,"minecraft:dirt":174,"minecraft:oak_trapdoor":4,"minecraft:apple":2,"minecraft:bow":5,"minecraft:wheat_seeds":21,"minecraft:beef":13,"minecraft:cobblestone_slab":11,"minecraft:bamboo":88,"minecraft:birch_sapling":18,"minecraft:oak_planks":5,"minecraft:stick":23,"minecraft:raw_iron":13,"minecraft:pumpkin":1,"minecraft:birch_boat":4,"minecraft:cooked_porkchop":2,"minecraft:torch":6,"minecraft:dandelion":2,"minecraft:diorite":9,"minecraft:white_bed":18,"minecraft:carrot":3,"minecraft:arrow":160,"minecraft:rotten_flesh":2,"minecraft:granite":7,"minecraft:birch_sign":1,"minecraft:oak_sapling":20,"minecraft:mutton":8,"minecraft:coal":18,"minecraft:rail":30,"minecraft:white_wool":4,"minecraft:cobblestone":148}},"DataVersion":3953}