{"stats":{"minecraft:killed":{"minecraft:spider":4,"minecraft:skeleton":3,"minecraft:chicken":2,"minecraft:salmon":3,"minecraft:iron_golem":2,"minecraft:creeper":2,"minecraft:sheep":14,"minecraft:zombie":7,"minecraft:cow":10,"minecraft:bogged":1,"minecraft:slime":131,"minecraft:drowned":1,"minecraft:frog":1,"minecraft:wither_skeleton":6},"minecraft:used":{"minecraft:iron_shovel":268,"minecraft:dispenser":3,"minecraft:ladder":4,"minecraft:poppy":1,"minecraft:diamond_hoe":67,"minecraft:oak_sign":9,"minecraft:shield":5,"minecraft:chest":11,"minecraft:stone":12,"minecraft:carrot":491,"minecraft:jungle_slab":2,"minecraft:deepslate_brick_slab":13,"minecraft:deepslate_tile_slab":6,"minecraft:furnace_minecart":1,"minecraft:azure_bluet":1,"minecraft:obsidian":4,"minecraft:jungle_sapling":2,"minecraft:lava_bucket":10,"minecraft:coal_ore":1,"minecraft:birch_sapling":2,"minecraft:hopper_minecart":8,"minecraft:stone_bricks":140,"minecraft:rabbit_stew":2,"minecraft:birch_button":1,"minecraft:bow":74,"minecraft:scaffolding":262,"minecraft:oak_sapling":42,"minecraft:furnace":4,"minecraft:potato":69,"minecraft:golden_boots":1,"minecraft:deepslate_brick_wall":67,"minecraft:diorite":6,"minecraft:stone_pickaxe":3,"minecraft:powered_rail":26,"minecraft:oak_planks":115,"minecraft:wooden_pickaxe":3,"minecraft:composter":5,"minecraft:diamond_axe":861,"minecraft:jungle_boat":17,"minecraft:oak_leaves":1,"minecraft:blast_furnace":1,"minecraft:shears":60,"minecraft:cobbled_deepslate_stairs":4,"minecraft:deepslate_brick_stairs":4,"minecraft:lightning_rod":1,"minecraft:sticky_piston":1,"minecraft:lever":8,"minecraft:string":10,"minecraft:bread":39,"minecraft:brown_wool":4,"minecraft:oak_pressure_plate":12,"minecraft:deepslate":193,"minecraft:gravel":47,"minecraft:granite_slab":5,"minecraft:jungle_sign":6,"minecraft:fire_charge":1,"minecraft:smithing_table":7,"minecraft:andesite":13,"minecraft:oak_boat":24,"minecraft:bone_meal":9,"minecraft:oak_trapdoor":78,"minecraft:jungle_leaves":2,"minecraft:redstone":2,"minecraft:stone_hoe":578,"minecraft:netherrack":43,"minecraft:oak_door":6,"minecraft:torch":246,"minecraft:dirt":599,"minecraft:hopper":5,"minecraft:nether_quartz_ore":1,"minecraft:granite":2,"minecraft:oak_fence_gate":4,"minecraft:wooden_axe":85,"minecraft:stone_brick_slab":71,"minecraft:slime_block":2,"minecraft:polished_deepslate_wall":24,"minecraft:barrel":1,"minecraft:bamboo":102,"minecraft:tripwire_hook":6,"minecraft:iron_trapdoor":1,"minecraft:observer":1,"minecraft:cobbled_deepslate":93,"minecraft:cobbled_deepslate_wall":24,"minecraft:wheat_seeds":52,"minecraft:cooked_mutton":7,"minecraft:water_bucket":39,"minecraft:iron_ore":8,"minecraft:birch_planks":5,"minecraft:birch_boat":6,"minecraft:cauldron":1,"minecraft:fletching_table":25,"minecraft:stonecutter":2,"minecraft:cobblestone_slab":108,"minecraft:deepslate_bricks":214,"minecraft:rail":80,"minecraft:oak_slab":2,"minecraft:crafting_table":21,"minecraft:birch_sign":7,"minecraft:white_bed":50,"minecraft:smoker":2,"minecraft:deepslate_tile_wall":90,"minecraft:oak_log":173,"minecraft:diamond_pickaxe":2961,"minecraft:apple":2,"minecraft:diamond_shovel":1247,"minecraft:oak_button":2,"minecraft:stone_axe":104,"minecraft:cobblestone":402,"minecraft:cobbled_deepslate_slab":5,"minecraft:cooked_porkchop":32,"minecraft:bucket":49,"minecraft:dandelion":3},"minecraft:killed_by":{"minecraft:wither_skeleton":2},"minecraft:dropped":{"minecraft:brown_mushroom":5,"minecraft:diamond_axe":4,"minecraft:cooked_porkchop":3,"minecraft:jungle_planks":3,"minecraft:dirt":28,"minecraft:iron_pickaxe":10,"minecraft:white_wool":4,"minecraft:oak_door":4,"minecraft:stone_axe":49,"minecraft:iron_nugget":5,"minecraft:cobbled_deepslate":48,"minecraft:rotten_flesh":11,"minecraft:oak_planks":2,"minecraft:diamond_shovel":6,"minecraft:cooked_mutton":7,"minecraft:carrot":326,"minecraft:tipped_arrow":21,"minecraft:arrow":2040,"minecraft:scaffolding":6,"minecraft:oak_leaves":2,"minecraft:stone_hoe":128,"minecraft:bread":1151,"minecraft:wheat_seeds":12,"minecraft:cobblestone":102,"minecraft:apple":2,"minecraft:granite":11,"minecraft:chainmail_helmet":29,"minecraft:stick":20,"minecraft:jungle_slab":4,"minecraft:diorite":5,"minecraft:granite_slab":1,"minecraft:smooth_stone":5,"minecraft:chainmail_leggings":24,"minecraft:string":212,"minecraft:lily_pad":6,"minecraft:oak_trapdoor":1,"minecraft:bowl":2,"minecraft:diamond_hoe":13,"minecraft:stone_shovel":85,"minecraft:shears":1,"minecraft:cobblestone_slab":3,"minecraft:stone":10,"minecraft:iron_chestplate":20,"minecraft:andesite":11,"minecraft:oak_sapling":29,"minecraft:oak_boat":1,"minecraft:slime_ball":6,"minecraft:rabbit_stew":13,"minecraft:bow":145,"minecraft:stone_pickaxe":36,"minecraft:bell":2},"minecraft:broken":{"minecraft:iron_shovel":1,"minecraft:wooden_axe":1,"minecraft:stone_hoe":3},"minecraft:picked_up":{"minecraft:iron_chestplate":10,"minecraft:wheat":15,"minecraft:smithing_table":3,"minecraft:lead":16,"minecraft:string":17986,"minecraft:raw_copper":9,"minecraft:diamond_leggings":1,"minecraft:gold_nugget":9,"minecraft:cobbled_deepslate":660,"minecraft:bucket":1,"minecraft:cobblestone_slab":53,"minecraft:deepslate_tile_wall":10,"minecraft:furnace":1,"minecraft:golden_helmet":1,"minecraft:tipped_arrow":15,"minecraft:stick":139,"minecraft:deepslate_brick_wall":2,"minecraft:composter":2,"minecraft:torch":66,"minecraft:diorite":15,"minecraft:cauldron":2,"minecraft:rotten_flesh":12,"minecraft:glowstone":42,"minecraft:obsidian":4,"minecraft:cobblestone":641,"minecraft:birch_log":37,"minecraft:furnace_minecart":1,"minecraft:andesite":31,"minecraft:jungle_log":13,"minecraft:brown_wool":8,"minecraft:potato":68,"minecraft:flint":21,"minecraft:tuff":45,"minecraft:lapis_lazuli":17,"minecraft:dirt":1145,"minecraft:bone":18,"minecraft:stonecutter":1,"minecraft:bow":26,"minecraft:wheat_seeds":97,"minecraft:cobbled_deepslate_slab":1,"minecraft:deepslate_brick_slab":3,"minecraft:raw_gold":31,"minecraft:fletching_table":14,"minecraft:diamond_helmet":1,"minecraft:bamboo":556,"minecraft:powered_rail":120,"minecraft:moss_block":1,"minecraft:stone_hoe":45,"minecraft:oak_planks":141,"minecraft:glow_lichen":2,"minecraft:cooked_porkchop":45,"minecraft:oak_pressure_plate":6,"minecraft:granite_slab":2,"minecraft:jungle_slab":1,"minecraft:jungle_leaves":3,"minecraft:dispenser":1,"minecraft:diamond":17,"minecraft:deepslate":326,"minecraft:lever":2,"minecraft:granite":30,"minecraft:bread":226,"minecraft:chainmail_helmet":14,"minecraft:oak_sapling":218,"minecraft:netherrack":276,"minecraft:oak_leaves":3,"minecraft:diamond_pickaxe":1,"minecraft:cocoa_beans":3,"minecraft:crafting_table":19,"minecraft:azure_bluet":1,"minecraft:ladder":1,"minecraft:rabbit_stew":5,"minecraft:brown_mushroom":21,"minecraft:gold_block":3,"minecraft:shield":1,"minecraft:oak_trapdoor":20,"minecraft:blackstone":48,"minecraft:beef":13,"minecraft:oak_boat":18,"minecraft:poppy":1,"minecraft:jungle_sapling":2,"minecraft:iron_nugget":32,"minecraft:minecart":18,"minecraft:chest":6,"minecraft:birch_sapling":18,"minecraft:diamond_hoe":6,"minecraft:egg":1,"minecraft:raw_iron":132,"minecraft:stone":186,"minecraft:oak_door":4,"minecraft:carrot":665,"minecraft:redstone":35,"minecraft:stone_shovel":12,"minecraft:arrow":555,"minecraft:diamond_chestplate":1,"minecraft:deepslate_bricks":16,"minecraft:diamond_boots":1,"minecraft:hay_block":9,"minecraft:gold_ingot":1,"minecraft:mutton":11,"minecraft:rail":177,"minecraft:white_wool":7,"minecraft:stripped_oak_log":6,"minecraft:jungle_boat":16,"minecraft:basalt":176,"minecraft:tripwire_hook":4,"minecraft:salmon":3,"minecraft:leather":13,"minecraft:birch_planks":1,"minecraft:lily_pad":48,"minecraft:oak_log":421,"minecraft:golden_boots":1,"minecraft:yellow_bed":2,"minecraft:apple":21,"minecraft:stone_bricks":8,"minecraft:iron_ore":8,"minecraft:stone_pickaxe":12,"minecraft:iron_ingot":10,"minecraft:cobweb":50,"minecraft:scaffolding":151,"minecraft:oak_slab":1,"minecraft:nether_quartz_ore":214,"minecraft:birch_boat":4,"minecraft:pumpkin":11,"minecraft:stone_brick_slab":3,"minecraft:quartz":1,"minecraft:dandelion":3,"minecraft:gravel":109,"minecraft:white_bed":42,"minecraft:spider_eye":2,"minecraft:diamond_shovel":1,"minecraft:coal_ore":1,"minecraft:slime_ball":89,"minecraft:stone_axe":14,"minecraft:chainmail_leggings":12,"minecraft:diamond_axe":1,"minecraft:birch_sign":2,"minecraft:oak_button":1,"minecraft:coal":101,"minecraft:hopper":2},"minecraft:mined":{"minecraft:oak_sapling":6,"minecraft:white_bed":42,"minecraft:farmland":9,"minecraft:jungle_slab":1,"minecraft:jungle_leaves":3,"minecraft:obsidian":4,"minecraft:granite":31,"minecraft:deepslate_tile_wall":10,"minecraft:grass_block":597,"minecraft:brown_wool":4,"minecraft:jungle_log":13,"minecraft:oak_pressure_plate":8,"minecraft:deepslate_bricks":16,"minecraft:composter":2,"minecraft:hopper":2,"minecraft:glowstone":21,"minecraft:iron_ore":140,"minecraft:cobbled_deepslate":14,"minecraft:fire":4,"minecraft:pumpkin":11,"minecraft:deepslate_lapis_ore":1,"minecraft:granite_slab":2,"minecraft:fletching_table":14,"minecraft:dirt_path":6,"minecraft:birch_wall_sign":1,"minecraft:tripwire":2,"minecraft:deepslate_redstone_ore":1,"minecraft:brown_mushroom":7,"minecraft:blackstone":24,"minecraft:deepslate_brick_wall":2,"minecraft:torch":41,"minecraft:chest":6,"minecraft:dead_bush":2,"minecraft:nether_quartz_ore":117,"minecraft:cobblestone":109,"minecraft:oak_planks":139,"minecraft:wall_torch":11,"minecraft:cauldron":2,"minecraft:powered_rail":4,"minecraft:birch_log":37,"minecraft:wheat":16,"minecraft:oak_log":421,"minecraft:dirt":567,"minecraft:stonecutter":1,"minecraft:tripwire_hook":4,"minecraft:dispenser":1,"minecraft:netherrack":168,"minecraft:oak_leaves":31,"minecraft:deepslate":1000,"minecraft:tuff":45,"minecraft:deepslate_diamond_ore":17,"minecraft:oak_door":4,"minecraft:glow_lichen":2,"minecraft:cobbled_deepslate_slab":1,"minecraft:moss_block":1,"minecraft:hay_block":9,"minecraft:deepslate_brick_slab":3,"minecraft:redstone_ore":8,"minecraft:oak_trapdoor":21,"minecraft:furnace":1,"minecraft:carrots":170,"minecraft:andesite":31,"minecraft:gold_block":3,"minecraft:potatoes":26,"minecraft:cobblestone_slab":53,"minecraft:vine":12,"minecraft:rail":174,"minecraft:stripped_oak_log":6,"minecraft:bamboo_sapling":1,"minecraft:bamboo":54,"minecraft:stone":653,"minecraft:smithing_table":3,"minecraft:oak_slab":1,"minecraft:scaffolding":62,"minecraft:basalt":88,"minecraft:stone_brick_slab":3,"minecraft:dandelion":2,"minecraft:oak_fence":1,"minecraft:crafting_table":17,"minecraft:short_grass":330,"minecraft:tall_grass":3,"minecraft:copper_ore":3,"minecraft:deepslate_coal_ore":4,"minecraft:lapis_ore":2,"minecraft:deepslate_gold_ore":19,"minecraft:lily_pad":9,"minecraft:diorite":15,"minecraft:birch_planks":1,"minecraft:yellow_bed":2,"minecraft:coal_ore":90,"minecraft:gravel":142,"minecraft:cobweb":50,"minecraft:stone_bricks":8,"minecraft:gold_ore":12,"minecraft:fern":1},"minecraft:custom":{"minecraft:interact_with_crafting_table":135,"minecraft:bell_ring":1,"minecraft:leave_game":14,"minecraft:time_since_death":666249,"minecraft:sprint_one_cm":1623796,"minecraft:damage_blocked_by_shield":315,"minecraft:drop":1366,"minecraft:talked_to_villager":519,"minecraft:play_time":1240972,"minecraft:deaths":2,"minecraft:jump":5837,"minecraft:interact_with_brewingstand":1,"minecraft:walk_on_water_one_cm":85328,"minecraft:interact_with_furnace":47,"minecraft:traded_with_villager":2331,"minecraft:sleep_in_bed":59,"minecraft:damage_dealt":7611,"minecraft:crouch_one_cm":18106,"minecraft:interact_with_smoker":14,"minecraft:inspect_dispenser":27,"minecraft:interact_with_smithing_table":1,"minecraft:mob_kills":188,"minecraft:inspect_hopper":5,"minecraft:climb_one_cm":243009,"minecraft:walk_one_cm":2457295,"minecraft:sneak_time":10002,"minecraft:walk_under_water_one_cm":16671,"minecraft:boat_one_cm":386586,"minecraft:interact_with_blast_furnace":10,"minecraft:total_world_time":1240972,"minecraft:interact_with_stonecutter":33,"minecraft:time_since_rest":1901,"minecraft:damage_taken":3213,"minecraft:swim_one_cm":9936,"minecraft:fly_one_cm":832392,"minecraft:open_chest":343,"minecraft:fall_one_cm":117711},"minecraft:crafted":{"minecraft:oak_planks":968,"minecraft:smooth_stone":8,"minecraft:chainmail_helmet":15,"minecraft:barrel":1,"minecraft:cobblestone_slab":12,"minecraft:oak_sign":12,"minecraft:oak_pressure_plate":8,"minecraft:birch_boat":2,"minecraft:lightning_rod":1,"minecraft:slime_block":7,"minecraft:stone":24,"minecraft:diamond_shovel":11,"minecraft:lever":8,"minecraft:cooked_mutton":14,"minecraft:hopper":8,"minecraft:diamond_helmet":1,"minecraft:bow":128,"minecraft:diamond_leggings":1,"minecraft:tipped_arrow":95,"minecraft:chest":12,"minecraft:oak_button":1,"minecraft:birch_button":1,"minecraft:stone_hoe":87,"minecraft:stone_bricks":32,"minecraft:golden_boots":2,"minecraft:smoker":2,"minecraft:furnace_minecart":1,"minecraft:oak_slab":12,"minecraft:emerald":1625,"minecraft:arrow":133,"minecraft:cooked_porkchop":76,"minecraft:diamond_axe":6,"minecraft:crafting_table":6,"minecraft:jungle_boat":2,"minecraft:wooden_pickaxe":1,"minecraft:smithing_table":5,"minecraft:copper_ingot":8,"minecraft:sticky_piston":1,"minecraft:fletching_table":11,"minecraft:hopper_minecart":4,"minecraft:birch_planks":148,"minecraft:dispenser":2,"minecraft:iron_chestplate":10,"minecraft:diamond_pickaxe":4,"minecraft:shield":2,"minecraft:stick":1016,"minecraft:iron_ingot":135,"minecraft:iron_pickaxe":10,"minecraft:gold_ingot":39,"minecraft:composter":2,"minecraft:shears":3,"minecraft:jungle_sign":6,"minecraft:oak_door":6,"minecraft:rabbit_stew":10,"minecraft:stone_shovel":73,"minecraft:tripwire_hook":4,"minecraft:diamond_hoe":9,"minecraft:furnace":7,"minecraft:blast_furnace":1,"minecraft:piston":1,"minecraft:bone_meal":9,"minecraft:oak_trapdoor":68,"minecraft:scaffolding":378,"minecraft:ladder":3,"minecraft:stone_pickaxe":25,"minecraft:diamond_boots":1,"minecraft:chainmail_leggings":12,"minecraft:birch_sign":6,"minecraft:observer":1,"minecraft:minecart":7,"minecraft:wheat":486,"minecraft:iron_trapdoor":1,"minecraft:powered_rail":18,"minecraft:bell":2,"minecraft:bucket":1,"minecraft:stone_axe":35,"minecraft:jungle_slab":12,"minecraft:bread":986,"minecraft:air":0,"minecraft:jungle_planks":52,"minecraft:oak_fence_gate":4,"minecraft:oak_boat":12,"minecraft:white_wool":48,"minecraft:wooden_axe":2,"minecraft:iron_shovel":1,"minecraft:stonecutter":2,"minecraft:white_bed":10,"minecraft:torch":192,"minecraft:diamond_chestplate":1}},"DataVersion":3953}