{"stats":{"minecraft:broken":{"minecraft:iron_shovel":1,"minecraft:stone_hoe":1,"minecraft:wooden_axe":1},"minecraft:dropped":{"minecraft:stone_hoe":63,"minecraft:bread":145,"minecraft:wheat_seeds":1,"minecraft:cooked_porkchop":3,"minecraft:granite":7,"minecraft:stick":4,"minecraft:diorite":5,"minecraft:white_wool":1,"minecraft:bowl":2,"minecraft:diamond_hoe":2,"minecraft:rotten_flesh":2,"minecraft:cooked_mutton":7,"minecraft:rabbit_stew":13,"minecraft:arrow":192,"minecraft:bow":14},"minecraft:used":{"minecraft:oak_trapdoor":48,"minecraft:jungle_leaves":1,"minecraft:iron_shovel":268,"minecraft:dispenser":1,"minecraft:oak_sign":3,"minecraft:chest":3,"minecraft:shield":5,"minecraft:stone":1,"minecraft:stone_hoe":181,"minecraft:torch":87,"minecraft:dirt":226,"minecraft:hopper":5,"minecraft:carrot":108,"minecraft:furnace_minecart":1,"minecraft:jungle_sapling":2,"minecraft:wooden_axe":85,"minecraft:lava_bucket":1,"minecraft:birch_sapling":2,"minecraft:hopper_minecart":4,"minecraft:bamboo":22,"minecraft:rabbit_stew":2,"minecraft:birch_button":1,"minecraft:tripwire_hook":2,"minecraft:iron_trapdoor":1,"minecraft:scaffolding":89,"minecraft:furnace":2,"minecraft:cooked_mutton":7,"minecraft:water_bucket":18,"minecraft:diorite":5,"minecraft:birch_planks":5,"minecraft:powered_rail":6,"minecraft:stone_pickaxe":3,"minecraft:oak_planks":15,"minecraft:wooden_pickaxe":3,"minecraft:birch_boat":6,"minecraft:stonecutter":1,"minecraft:fletching_table":3,"minecraft:cobblestone_slab":96,"minecraft:jungle_boat":2,"minecraft:rail":50,"minecraft:crafting_table":7,"minecraft:birch_sign":7,"minecraft:white_bed":41,"minecraft:shears":54,"minecraft:smoker":1,"minecraft:lightning_rod":1,"minecraft:lever":2,"minecraft:apple":1,"minecraft:diamond_pickaxe":871,"minecraft:diamond_shovel":27,"minecraft:bread":2,"minecraft:string":4,"minecraft:granite_slab":3,"minecraft:stone_axe":104,"minecraft:jungle_sign":6,"minecraft:cobblestone":301,"minecraft:cooked_porkchop":9,"minecraft:smithing_table":3,"minecraft:andesite":11,"minecraft:bucket":19,"minecraft:dandelion":3},"minecraft:crafted":{"minecraft:oak_planks":132,"minecraft:rabbit_stew":10,"minecraft:cobblestone_slab":12,"minecraft:oak_sign":6,"minecraft:tripwire_hook":2,"minecraft:diamond_hoe":3,"minecraft:birch_boat":2,"minecraft:lightning_rod":1,"minecraft:furnace":3,"minecraft:stone":8,"minecraft:lever":2,"minecraft:diamond_shovel":1,"minecraft:cooked_mutton":14,"minecraft:oak_trapdoor":32,"minecraft:scaffolding":66,"minecraft:hopper":8,"minecraft:bow":13,"minecraft:stone_pickaxe":1,"minecraft:chest":10,"minecraft:birch_button":1,"minecraft:stone_hoe":60,"minecraft:birch_sign":6,"minecraft:smoker":1,"minecraft:wheat":405,"minecraft:minecart":6,"minecraft:furnace_minecart":1,"minecraft:arrow":10,"minecraft:emerald":297,"minecraft:cooked_porkchop":66,"minecraft:iron_trapdoor":1,"minecraft:crafting_table":2,"minecraft:jungle_boat":1,"minecraft:powered_rail":6,"minecraft:wooden_pickaxe":1,"minecraft:smithing_table":4,"minecraft:copper_ingot":8,"minecraft:fletching_table":1,"minecraft:hopper_minecart":4,"minecraft:birch_planks":148,"minecraft:stone_axe":1,"minecraft:bread":147,"minecraft:air":0,"minecraft:jungle_planks":44,"minecraft:dispenser":1,"minecraft:white_wool":16,"minecraft:diamond_pickaxe":1,"minecraft:shield":1,"minecraft:stick":24,"minecraft:iron_ingot":80,"minecraft:wooden_axe":2,"minecraft:iron_shovel":1,"minecraft:gold_ingot":6,"minecraft:stonecutter":1,"minecraft:white_bed":6,"minecraft:torch":92,"minecraft:shears":2,"minecraft:jungle_sign":6},"minecraft:mined":{"minecraft:white_bed":38,"minecraft:jungle_leaves":3,"minecraft:glow_lichen":2,"minecraft:granite":8,"minecraft:grass_block":207,"minecraft:jungle_log":11,"minecraft:hopper":1,"minecraft:redstone_ore":8,"minecraft:oak_trapdoor":16,"minecraft:furnace":1,"minecraft:carrots":29,"minecraft:iron_ore":86,"minecraft:andesite":11,"minecraft:pumpkin":1,"minecraft:granite_slab":1,"minecraft:fletching_table":2,"minecraft:vine":1,"minecraft:dirt_path":6,"minecraft:cobblestone_slab":32,"minecraft:rail":148,"minecraft:birch_wall_sign":1,"minecraft:bamboo_sapling":1,"minecraft:bamboo":9,"minecraft:stone":422,"minecraft:tripwire":2,"minecraft:smithing_table":2,"minecraft:scaffolding":24,"minecraft:dandelion":2,"minecraft:oak_fence":1,"minecraft:crafting_table":6,"minecraft:torch":6,"minecraft:short_grass":171,"minecraft:copper_ore":3,"minecraft:tall_grass":3,"minecraft:cobblestone":41,"minecraft:deepslate_coal_ore":4,"minecraft:lapis_ore":2,"minecraft:oak_planks":39,"minecraft:diorite":10,"minecraft:wall_torch":6,"minecraft:birch_planks":1,"minecraft:birch_log":37,"minecraft:yellow_bed":2,"minecraft:oak_log":39,"minecraft:coal_ore":66,"minecraft:gravel":1,"minecraft:dirt":141,"minecraft:cobweb":50,"minecraft:gold_ore":7,"minecraft:oak_leaves":5},"minecraft:custom":{"minecraft:mob_kills":19,"minecraft:inspect_hopper":2,"minecraft:interact_with_crafting_table":54,"minecraft:leave_game":9,"minecraft:time_since_death":231748,"minecraft:climb_one_cm":38241,"minecraft:sprint_one_cm":485112,"minecraft:walk_one_cm":665481,"minecraft:damage_blocked_by_shield":315,"minecraft:drop":263,"minecraft:talked_to_villager":77,"minecraft:play_time":231748,"minecraft:sneak_time":3614,"minecraft:walk_under_water_one_cm":5188,"minecraft:boat_one_cm":66034,"minecraft:jump":1774,"minecraft:interact_with_brewingstand":1,"minecraft:walk_on_water_one_cm":41055,"minecraft:total_world_time":231748,"minecraft:interact_with_furnace":24,"minecraft:traded_with_villager":407,"minecraft:interact_with_stonecutter":4,"minecraft:sleep_in_bed":16,"minecraft:time_since_rest":5011,"minecraft:damage_taken":715,"minecraft:damage_dealt":2906,"minecraft:swim_one_cm":4793,"minecraft:fly_one_cm":264191,"minecraft:open_chest":80,"minecraft:crouch_one_cm":12231,"minecraft:interact_with_smoker":13,"minecraft:fall_one_cm":44177,"minecraft:inspect_dispenser":2},"minecraft:killed":{"minecraft:skeleton":2,"minecraft:drowned":1,"minecraft:iron_golem":1,"minecraft:sheep":6,"minecraft:zombie":1,"minecraft:cow":8},"minecraft:picked_up":{"minecraft:cocoa_beans":3,"minecraft:crafting_table":7,"minecraft:rabbit_stew":5,"minecraft:smithing_table":2,"minecraft:lead":2,"minecraft:oak_trapdoor":15,"minecraft:string":2655,"minecraft:raw_copper":9,"minecraft:beef":13,"minecraft:cobblestone_slab":32,"minecraft:jungle_sapling":2,"minecraft:minecart":1,"minecraft:birch_sapling":18,"minecraft:furnace":1,"minecraft:stick":28,"minecraft:raw_iron":86,"minecraft:torch":12,"minecraft:diorite":10,"minecraft:carrot":108,"minecraft:redstone":35,"minecraft:arrow":160,"minecraft:rotten_flesh":2,"minecraft:gold_ingot":1,"minecraft:mutton":8,"minecraft:white_wool":4,"minecraft:rail":152,"minecraft:cobblestone":453,"minecraft:birch_log":37,"minecraft:furnace_minecart":1,"minecraft:jungle_boat":2,"minecraft:jungle_log":11,"minecraft:andesite":11,"minecraft:brown_wool":2,"minecraft:leather":10,"minecraft:birch_planks":1,"minecraft:oak_log":39,"minecraft:yellow_bed":2,"minecraft:lapis_lazuli":12,"minecraft:dirt":342,"minecraft:apple":2,"minecraft:bow":5,"minecraft:wheat_seeds":35,"minecraft:iron_ingot":5,"minecraft:raw_gold":7,"minecraft:cobweb":50,"minecraft:fletching_table":2,"minecraft:bamboo":88,"minecraft:stone_hoe":5,"minecraft:oak_planks":30,"minecraft:scaffolding":23,"minecraft:glow_lichen":2,"minecraft:cooked_porkchop":2,"minecraft:birch_boat":4,"minecraft:pumpkin":1,"minecraft:dandelion":3,"minecraft:granite_slab":1,"minecraft:white_bed":38,"minecraft:jungle_leaves":3,"minecraft:granite":7,"minecraft:birch_sign":1,"minecraft:oak_sapling":20,"minecraft:coal":70,"minecraft:hopper":1}},"DataVersion":3953}