{"stats":{"minecraft:broken":{"minecraft:wooden_axe":1},"minecraft:dropped":{"minecraft:stone_hoe":10,"minecraft:wheat_seeds":1,"minecraft:cooked_porkchop":3,"minecraft:granite":7,"minecraft:white_wool":1,"minecraft:rotten_flesh":2,"minecraft:cooked_mutton":7,"minecraft:arrow":192,"minecraft:bow":14},"minecraft:used":{"minecraft:oak_trapdoor":24,"minecraft:iron_shovel":136,"minecraft:chest":2,"minecraft:torch":53,"minecraft:dirt":52,"minecraft:hopper":1,"minecraft:carrot":1,"minecraft:wooden_axe":85,"minecraft:birch_sapling":2,"minecraft:bamboo":22,"minecraft:tripwire_hook":2,"minecraft:furnace":1,"minecraft:cooked_mutton":3,"minecraft:water_bucket":7,"minecraft:diorite":5,"minecraft:birch_planks":4,"minecraft:stone_pickaxe":3,"minecraft:wooden_pickaxe":3,"minecraft:birch_boat":5,"minecraft:fletching_table":1,"minecraft:cobblestone_slab":14,"minecraft:rail":3,"minecraft:crafting_table":6,"minecraft:birch_sign":5,"minecraft:white_bed":21,"minecraft:shears":38,"minecraft:lever":1,"minecraft:apple":1,"minecraft:diamond_pickaxe":391,"minecraft:string":4,"minecraft:stone_axe":25,"minecraft:cobblestone":45,"minecraft:cooked_porkchop":5,"minecraft:smithing_table":1,"minecraft:andesite":11,"minecraft:bucket":7,"minecraft:dandelion":2},"minecraft:crafted":{"minecraft:oak_planks":72,"minecraft:cobblestone_slab":12,"minecraft:tripwire_hook":2,"minecraft:birch_boat":2,"minecraft:furnace":1,"minecraft:stone":7,"minecraft:lever":1,"minecraft:cooked_mutton":14,"minecraft:oak_trapdoor":20,"minecraft:scaffolding":66,"minecraft:hopper":1,"minecraft:bow":13,"minecraft:stone_pickaxe":1,"minecraft:chest":3,"minecraft:stone_hoe":10,"minecraft:birch_sign":6,"minecraft:arrow":10,"minecraft:emerald":96,"minecraft:cooked_porkchop":6,"minecraft:crafting_table":2,"minecraft:wooden_pickaxe":1,"minecraft:smithing_table":4,"minecraft:fletching_table":1,"minecraft:birch_planks":148,"minecraft:stone_axe":1,"minecraft:air":0,"minecraft:white_wool":16,"minecraft:diamond_pickaxe":1,"minecraft:shield":1,"minecraft:stick":16,"minecraft:iron_ingot":16,"minecraft:wooden_axe":2,"minecraft:iron_shovel":1,"minecraft:stonecutter":1,"minecraft:white_bed":6,"minecraft:torch":92,"minecraft:shears":2},"minecraft:mined":{"minecraft:white_bed":18,"minecraft:glow_lichen":2,"minecraft:granite":8,"minecraft:grass_block":106,"minecraft:redstone_ore":8,"minecraft:oak_trapdoor":4,"minecraft:carrots":1,"minecraft:iron_ore":55,"minecraft:andesite":11,"minecraft:pumpkin":1,"minecraft:cobblestone_slab":12,"minecraft:rail":79,"minecraft:birch_wall_sign":1,"minecraft:bamboo_sapling":1,"minecraft:bamboo":9,"minecraft:stone":149,"minecraft:tripwire":2,"minecraft:dandelion":2,"minecraft:crafting_table":4,"minecraft:torch":5,"minecraft:short_grass":127,"minecraft:copper_ore":3,"minecraft:tall_grass":2,"minecraft:cobblestone":17,"minecraft:deepslate_coal_ore":3,"minecraft:lapis_ore":2,"minecraft:oak_planks":17,"minecraft:diorite":10,"minecraft:wall_torch":2,"minecraft:birch_log":37,"minecraft:yellow_bed":2,"minecraft:oak_log":33,"minecraft:coal_ore":33,"minecraft:dirt":69,"minecraft:cobweb":37,"minecraft:gold_ore":2,"minecraft:oak_leaves":5},"minecraft:custom":{"minecraft:mob_kills":16,"minecraft:inspect_hopper":2,"minecraft:interact_with_crafting_table":30,"minecraft:leave_game":9,"minecraft:time_since_death":123748,"minecraft:climb_one_cm":410,"minecraft:sprint_one_cm":257600,"minecraft:walk_one_cm":319269,"minecraft:drop":42,"minecraft:talked_to_villager":31,"minecraft:play_time":123748,"minecraft:sneak_time":732,"minecraft:walk_under_water_one_cm":1837,"minecraft:boat_one_cm":66030,"minecraft:jump":716,"minecraft:interact_with_brewingstand":1,"minecraft:walk_on_water_one_cm":22972,"minecraft:total_world_time":123748,"minecraft:interact_with_furnace":12,"minecraft:traded_with_villager":130,"minecraft:sleep_in_bed":9,"minecraft:time_since_rest":16406,"minecraft:damage_taken":275,"minecraft:damage_dealt":1705,"minecraft:swim_one_cm":4793,"minecraft:fly_one_cm":117836,"minecraft:open_chest":46,"minecraft:crouch_one_cm":2037,"minecraft:interact_with_smoker":13,"minecraft:fall_one_cm":17566},"minecraft:killed":{"minecraft:drowned":1,"minecraft:sheep":6,"minecraft:zombie":1,"minecraft:cow":8},"minecraft:picked_up":{"minecraft:crafting_table":5,"minecraft:lead":2,"minecraft:oak_trapdoor":4,"minecraft:string":2655,"minecraft:raw_copper":9,"minecraft:beef":13,"minecraft:cobblestone_slab":11,"minecraft:birch_sapling":18,"minecraft:stick":23,"minecraft:raw_iron":55,"minecraft:torch":7,"minecraft:diorite":10,"minecraft:carrot":3,"minecraft:redstone":35,"minecraft:arrow":160,"minecraft:rotten_flesh":2,"minecraft:mutton":8,"minecraft:white_wool":4,"minecraft:rail":79,"minecraft:cobblestone":156,"minecraft:birch_log":37,"minecraft:andesite":11,"minecraft:brown_wool":2,"minecraft:leather":10,"minecraft:oak_log":33,"minecraft:yellow_bed":2,"minecraft:lapis_lazuli":12,"minecraft:dirt":174,"minecraft:apple":2,"minecraft:bow":5,"minecraft:wheat_seeds":21,"minecraft:raw_gold":2,"minecraft:cobweb":37,"minecraft:bamboo":88,"minecraft:oak_planks":15,"minecraft:glow_lichen":2,"minecraft:cooked_porkchop":2,"minecraft:birch_boat":4,"minecraft:pumpkin":1,"minecraft:dandelion":2,"minecraft:white_bed":18,"minecraft:granite":7,"minecraft:birch_sign":1,"minecraft:oak_sapling":20,"minecraft:coal":36}},"DataVersion":3953}