{"stats":{"minecraft:broken":{"minecraft:wooden_axe":1},"minecraft:dropped":{"minecraft:wheat_seeds":1,"minecraft:cooked_porkchop":3,"minecraft:rotten_flesh":2,"minecraft:cooked_mutton":7,"minecraft:white_wool":1},"minecraft:used":{"minecraft:stone_pickaxe":3,"minecraft:birch_boat":4,"minecraft:wooden_pickaxe":3,"minecraft:dirt":9,"minecraft:crafting_table":4,"minecraft:white_bed":5,"minecraft:wooden_axe":82,"minecraft:apple":1,"minecraft:birch_sapling":2,"minecraft:cooked_porkchop":3},"minecraft:crafted":{"minecraft:oak_planks":12,"minecraft:cooked_porkchop":6,"minecraft:crafting_table":1,"minecraft:wooden_pickaxe":1,"minecraft:birch_boat":2,"minecraft:birch_planks":84,"minecraft:cooked_mutton":14,"minecraft:air":0,"minecraft:diamond_pickaxe":1,"minecraft:stick":4,"minecraft:stone_pickaxe":1,"minecraft:wooden_axe":2,"minecraft:white_bed":1,"minecraft:torch":4},"minecraft:mined":{"minecraft:white_bed":5,"minecraft:crafting_table":4,"minecraft:short_grass":57,"minecraft:grass_block":4,"minecraft:tall_grass":1,"minecraft:oak_trapdoor":4,"minecraft:birch_log":37,"minecraft:pumpkin":1,"minecraft:oak_log":33,"minecraft:dirt":6,"minecraft:bamboo":1,"minecraft:stone":3,"minecraft:oak_leaves":5},"minecraft:custom":{"minecraft:interact_with_furnace":2,"minecraft:mob_kills":15,"minecraft:interact_with_crafting_table":11,"minecraft:leave_game":9,"minecraft:time_since_death":51748,"minecraft:sleep_in_bed":4,"minecraft:climb_one_cm":410,"minecraft:time_since_rest":9796,"minecraft:sprint_one_cm":109109,"minecraft:damage_taken":225,"minecraft:walk_one_cm":82238,"minecraft:drop":6,"minecraft:damage_dealt":1605,"minecraft:swim_one_cm":4793,"minecraft:talked_to_villager":3,"minecraft:fly_one_cm":50493,"minecraft:open_chest":10,"minecraft:crouch_one_cm":363,"minecraft:play_time":51748,"minecraft:sneak_time":207,"minecraft:walk_under_water_one_cm":1837,"minecraft:boat_one_cm":66030,"minecraft:jump":274,"minecraft:interact_with_brewingstand":1,"minecraft:walk_on_water_one_cm":5047,"minecraft:interact_with_smoker":12,"minecraft:total_world_time":51748,"minecraft:fall_one_cm":6967},"minecraft:killed":{"minecraft:sheep":6,"minecraft:zombie":1,"minecraft:drowned":1,"minecraft:cow":7},"minecraft:picked_up":{"minecraft:birch_log":37,"minecraft:crafting_table":5,"minecraft:leather":8,"minecraft:brown_wool":2,"minecraft:oak_log":33,"minecraft:dirt":9,"minecraft:oak_trapdoor":4,"minecraft:apple":2,"minecraft:wheat_seeds":12,"minecraft:beef":11,"minecraft:bamboo":7,"minecraft:birch_sapling":18,"minecraft:stick":23,"minecraft:pumpkin":1,"minecraft:birch_boat":4,"minecraft:cooked_porkchop":2,"minecraft:white_bed":5,"minecraft:rotten_flesh":2,"minecraft:oak_sapling":20,"minecraft:mutton":8,"minecraft:white_wool":4,"minecraft:cobblestone":3}},"DataVersion":3953}