{"stats":{"minecraft:broken":{"minecraft:iron_shovel":1,"minecraft:wooden_axe":1,"minecraft:stone_hoe":1},"minecraft:dropped":{"minecraft:diamond_axe":4,"minecraft:cooked_porkchop":3,"minecraft:jungle_planks":3,"minecraft:dirt":2,"minecraft:iron_pickaxe":10,"minecraft:white_wool":4,"minecraft:stone_axe":49,"minecraft:cobbled_deepslate":48,"minecraft:rotten_flesh":9,"minecraft:diamond_shovel":6,"minecraft:cooked_mutton":7,"minecraft:carrot":286,"minecraft:tipped_arrow":21,"minecraft:arrow":263,"minecraft:scaffolding":6,"minecraft:stone_hoe":99,"minecraft:bread":145,"minecraft:wheat_seeds":6,"minecraft:cobblestone":96,"minecraft:granite":11,"minecraft:chainmail_helmet":29,"minecraft:stick":20,"minecraft:jungle_slab":4,"minecraft:diorite":5,"minecraft:granite_slab":1,"minecraft:smooth_stone":5,"minecraft:chainmail_leggings":24,"minecraft:string":212,"minecraft:lily_pad":6,"minecraft:oak_trapdoor":1,"minecraft:bowl":2,"minecraft:diamond_hoe":13,"minecraft:stone_shovel":85,"minecraft:shears":1,"minecraft:cobblestone_slab":3,"minecraft:stone":10,"minecraft:iron_chestplate":20,"minecraft:andesite":11,"minecraft:oak_boat":1,"minecraft:oak_sapling":5,"minecraft:slime_ball":6,"minecraft:rabbit_stew":13,"minecraft:bow":14,"minecraft:stone_pickaxe":36,"minecraft:bell":2},"minecraft:used":{"minecraft:iron_shovel":268,"minecraft:dispenser":1,"minecraft:ladder":4,"minecraft:diamond_hoe":67,"minecraft:poppy":1,"minecraft:oak_sign":3,"minecraft:shield":5,"minecraft:chest":11,"minecraft:stone":1,"minecraft:carrot":283,"minecraft:jungle_slab":2,"minecraft:furnace_minecart":1,"minecraft:azure_bluet":1,"minecraft:obsidian":4,"minecraft:jungle_sapling":2,"minecraft:lava_bucket":8,"minecraft:birch_sapling":2,"minecraft:hopper_minecart":8,"minecraft:rabbit_stew":2,"minecraft:birch_button":1,"minecraft:bow":74,"minecraft:scaffolding":97,"minecraft:furnace":3,"minecraft:potato":1,"minecraft:diorite":6,"minecraft:stone_pickaxe":3,"minecraft:powered_rail":6,"minecraft:oak_planks":16,"minecraft:wooden_pickaxe":3,"minecraft:composter":2,"minecraft:diamond_axe":184,"minecraft:jungle_boat":17,"minecraft:blast_furnace":1,"minecraft:shears":56,"minecraft:lightning_rod":1,"minecraft:lever":3,"minecraft:bread":2,"minecraft:string":8,"minecraft:granite_slab":5,"minecraft:jungle_sign":6,"minecraft:fire_charge":1,"minecraft:smithing_table":6,"minecraft:andesite":11,"minecraft:oak_boat":17,"minecraft:oak_trapdoor":50,"minecraft:jungle_leaves":2,"minecraft:stone_hoe":181,"minecraft:netherrack":43,"minecraft:torch":166,"minecraft:dirt":317,"minecraft:hopper":5,"minecraft:granite":2,"minecraft:wooden_axe":85,"minecraft:bamboo":28,"minecraft:tripwire_hook":4,"minecraft:iron_trapdoor":1,"minecraft:cobbled_deepslate":3,"minecraft:wheat_seeds":2,"minecraft:cooked_mutton":7,"minecraft:water_bucket":26,"minecraft:birch_planks":5,"minecraft:birch_boat":6,"minecraft:cauldron":1,"minecraft:fletching_table":3,"minecraft:stonecutter":1,"minecraft:cobblestone_slab":108,"minecraft:rail":77,"minecraft:crafting_table":17,"minecraft:birch_sign":7,"minecraft:white_bed":44,"minecraft:smoker":1,"minecraft:diamond_pickaxe":1604,"minecraft:apple":1,"minecraft:diamond_shovel":171,"minecraft:stone_axe":104,"minecraft:cobblestone":390,"minecraft:cooked_porkchop":32,"minecraft:bucket":33,"minecraft:dandelion":3},"minecraft:crafted":{"minecraft:oak_planks":224,"minecraft:smooth_stone":8,"minecraft:chainmail_helmet":15,"minecraft:cobblestone_slab":12,"minecraft:oak_sign":6,"minecraft:birch_boat":2,"minecraft:lightning_rod":1,"minecraft:slime_block":7,"minecraft:stone":16,"minecraft:lever":3,"minecraft:diamond_shovel":11,"minecraft:cooked_mutton":14,"minecraft:hopper":8,"minecraft:diamond_helmet":1,"minecraft:bow":13,"minecraft:diamond_leggings":1,"minecraft:tipped_arrow":95,"minecraft:chest":12,"minecraft:birch_button":1,"minecraft:stone_hoe":72,"minecraft:golden_boots":1,"minecraft:smoker":1,"minecraft:furnace_minecart":1,"minecraft:arrow":42,"minecraft:emerald":991,"minecraft:cooked_porkchop":76,"minecraft:diamond_axe":5,"minecraft:crafting_table":4,"minecraft:jungle_boat":2,"minecraft:wooden_pickaxe":1,"minecraft:smithing_table":4,"minecraft:copper_ingot":8,"minecraft:fletching_table":1,"minecraft:hopper_minecart":4,"minecraft:birch_planks":148,"minecraft:dispenser":1,"minecraft:iron_chestplate":10,"minecraft:diamond_pickaxe":3,"minecraft:shield":1,"minecraft:stick":52,"minecraft:iron_ingot":124,"minecraft:iron_pickaxe":10,"minecraft:gold_ingot":39,"minecraft:composter":1,"minecraft:shears":2,"minecraft:jungle_sign":6,"minecraft:rabbit_stew":10,"minecraft:stone_shovel":73,"minecraft:tripwire_hook":2,"minecraft:diamond_hoe":9,"minecraft:furnace":5,"minecraft:blast_furnace":1,"minecraft:oak_trapdoor":32,"minecraft:scaffolding":144,"minecraft:ladder":3,"minecraft:stone_pickaxe":25,"minecraft:diamond_boots":1,"minecraft:chainmail_leggings":12,"minecraft:birch_sign":6,"minecraft:minecart":6,"minecraft:wheat":405,"minecraft:iron_trapdoor":1,"minecraft:powered_rail":6,"minecraft:bell":2,"minecraft:bucket":1,"minecraft:stone_axe":35,"minecraft:jungle_slab":12,"minecraft:bread":147,"minecraft:air":0,"minecraft:jungle_planks":52,"minecraft:oak_boat":9,"minecraft:white_wool":16,"minecraft:wooden_axe":2,"minecraft:iron_shovel":1,"minecraft:stonecutter":1,"minecraft:white_bed":6,"minecraft:torch":152,"minecraft:diamond_chestplate":1},"minecraft:mined":{"minecraft:white_bed":40,"minecraft:jungle_slab":1,"minecraft:jungle_leaves":3,"minecraft:obsidian":4,"minecraft:granite":31,"minecraft:grass_block":282,"minecraft:jungle_log":13,"minecraft:hopper":2,"minecraft:glowstone":21,"minecraft:iron_ore":124,"minecraft:fire":3,"minecraft:pumpkin":11,"minecraft:fletching_table":2,"minecraft:granite_slab":2,"minecraft:dirt_path":6,"minecraft:birch_wall_sign":1,"minecraft:tripwire":2,"minecraft:brown_mushroom":1,"minecraft:blackstone":24,"minecraft:torch":11,"minecraft:chest":6,"minecraft:nether_quartz_ore":98,"minecraft:cobblestone":104,"minecraft:oak_planks":40,"minecraft:wall_torch":6,"minecraft:cauldron":2,"minecraft:birch_log":37,"minecraft:oak_log":60,"minecraft:dirt":178,"minecraft:tripwire_hook":4,"minecraft:netherrack":166,"minecraft:oak_leaves":6,"minecraft:deepslate":53,"minecraft:deepslate_diamond_ore":17,"minecraft:glow_lichen":2,"minecraft:moss_block":1,"minecraft:hay_block":9,"minecraft:redstone_ore":8,"minecraft:oak_trapdoor":20,"minecraft:furnace":1,"minecraft:carrots":108,"minecraft:andesite":22,"minecraft:gold_block":3,"minecraft:cobblestone_slab":53,"minecraft:vine":3,"minecraft:rail":174,"minecraft:bamboo_sapling":1,"minecraft:bamboo":16,"minecraft:stone":465,"minecraft:smithing_table":3,"minecraft:scaffolding":33,"minecraft:basalt":88,"minecraft:dandelion":2,"minecraft:oak_fence":1,"minecraft:crafting_table":13,"minecraft:short_grass":191,"minecraft:tall_grass":3,"minecraft:copper_ore":3,"minecraft:deepslate_coal_ore":4,"minecraft:lapis_ore":2,"minecraft:deepslate_gold_ore":19,"minecraft:lily_pad":8,"minecraft:diorite":11,"minecraft:birch_planks":1,"minecraft:yellow_bed":2,"minecraft:coal_ore":66,"minecraft:gravel":1,"minecraft:cobweb":50,"minecraft:gold_ore":12,"minecraft:fern":1},"minecraft:killed_by":{"minecraft:wither_skeleton":2},"minecraft:custom":{"minecraft:interact_with_crafting_table":82,"minecraft:bell_ring":1,"minecraft:leave_game":10,"minecraft:time_since_death":1747,"minecraft:sprint_one_cm":1080230,"minecraft:damage_blocked_by_shield":315,"minecraft:drop":918,"minecraft:talked_to_villager":344,"minecraft:play_time":576470,"minecraft:deaths":2,"minecraft:jump":3932,"minecraft:interact_with_brewingstand":1,"minecraft:walk_on_water_one_cm":70829,"minecraft:interact_with_furnace":42,"minecraft:traded_with_villager":1343,"minecraft:sleep_in_bed":35,"minecraft:damage_dealt":6211,"minecraft:crouch_one_cm":15432,"minecraft:interact_with_smoker":14,"minecraft:inspect_dispenser":11,"minecraft:interact_with_smithing_table":1,"minecraft:mob_kills":160,"minecraft:inspect_hopper":5,"minecraft:climb_one_cm":92057,"minecraft:walk_one_cm":1289899,"minecraft:sneak_time":6114,"minecraft:walk_under_water_one_cm":16379,"minecraft:boat_one_cm":386566,"minecraft:interact_with_blast_furnace":10,"minecraft:total_world_time":576470,"minecraft:interact_with_stonecutter":4,"minecraft:time_since_rest":2235,"minecraft:damage_taken":2180,"minecraft:swim_one_cm":9936,"minecraft:fly_one_cm":636359,"minecraft:open_chest":188,"minecraft:fall_one_cm":90212},"minecraft:killed":{"minecraft:skeleton":3,"minecraft:chicken":2,"minecraft:salmon":3,"minecraft:iron_golem":2,"minecraft:creeper":2,"minecraft:sheep":14,"minecraft:zombie":6,"minecraft:cow":10,"minecraft:bogged":1,"minecraft:slime":108,"minecraft:drowned":1,"minecraft:frog":1,"minecraft:wither_skeleton":6},"minecraft:picked_up":{"minecraft:iron_chestplate":10,"minecraft:smithing_table":3,"minecraft:lead":11,"minecraft:string":9282,"minecraft:raw_copper":9,"minecraft:diamond_leggings":1,"minecraft:gold_nugget":9,"minecraft:cobbled_deepslate":51,"minecraft:bucket":1,"minecraft:cobblestone_slab":53,"minecraft:furnace":1,"minecraft:tipped_arrow":15,"minecraft:stick":51,"minecraft:torch":23,"minecraft:diorite":11,"minecraft:cauldron":2,"minecraft:rotten_flesh":9,"minecraft:glowstone":42,"minecraft:obsidian":4,"minecraft:cobblestone":624,"minecraft:birch_log":37,"minecraft:furnace_minecart":1,"minecraft:andesite":22,"minecraft:jungle_log":13,"minecraft:brown_wool":4,"minecraft:lapis_lazuli":12,"minecraft:dirt":441,"minecraft:bone":17,"minecraft:bow":6,"minecraft:wheat_seeds":41,"minecraft:raw_gold":31,"minecraft:diamond_helmet":1,"minecraft:bamboo":181,"minecraft:fletching_table":2,"minecraft:moss_block":1,"minecraft:oak_planks":42,"minecraft:stone_hoe":29,"minecraft:glow_lichen":2,"minecraft:cooked_porkchop":45,"minecraft:granite_slab":2,"minecraft:jungle_slab":1,"minecraft:jungle_leaves":3,"minecraft:diamond":17,"minecraft:lever":2,"minecraft:granite":30,"minecraft:chainmail_helmet":14,"minecraft:oak_sapling":48,"minecraft:netherrack":275,"minecraft:diamond_pickaxe":1,"minecraft:cocoa_beans":3,"minecraft:crafting_table":15,"minecraft:azure_bluet":1,"minecraft:ladder":1,"minecraft:rabbit_stew":5,"minecraft:brown_mushroom":1,"minecraft:gold_block":3,"minecraft:shield":1,"minecraft:oak_trapdoor":19,"minecraft:blackstone":48,"minecraft:beef":13,"minecraft:oak_boat":13,"minecraft:iron_nugget":32,"minecraft:jungle_sapling":2,"minecraft:poppy":1,"minecraft:minecart":6,"minecraft:chest":6,"minecraft:birch_sapling":18,"minecraft:diamond_hoe":6,"minecraft:egg":1,"minecraft:raw_iron":124,"minecraft:stone":10,"minecraft:carrot":429,"minecraft:redstone":35,"minecraft:diamond_chestplate":1,"minecraft:arrow":234,"minecraft:stone_shovel":12,"minecraft:diamond_boots":1,"minecraft:hay_block":9,"minecraft:gold_ingot":1,"minecraft:mutton":11,"minecraft:rail":177,"minecraft:white_wool":7,"minecraft:jungle_boat":16,"minecraft:basalt":176,"minecraft:tripwire_hook":4,"minecraft:salmon":3,"minecraft:leather":13,"minecraft:birch_planks":1,"minecraft:oak_log":60,"minecraft:lily_pad":48,"minecraft:golden_boots":1,"minecraft:yellow_bed":2,"minecraft:apple":2,"minecraft:iron_ingot":10,"minecraft:stone_pickaxe":12,"minecraft:cobweb":50,"minecraft:scaffolding":99,"minecraft:nether_quartz_ore":196,"minecraft:pumpkin":11,"minecraft:birch_boat":4,"minecraft:dandelion":3,"minecraft:white_bed":40,"minecraft:diamond_shovel":1,"minecraft:slime_ball":74,"minecraft:stone_axe":14,"minecraft:chainmail_leggings":12,"minecraft:diamond_axe":1,"minecraft:birch_sign":2,"minecraft:coal":78,"minecraft:hopper":2}},"DataVersion":3953}