{"stats":{"minecraft:broken":{"minecraft:wooden_axe":1},"minecraft:dropped":{"minecraft:stone_hoe":10,"minecraft:wheat_seeds":1,"minecraft:cooked_porkchop":3,"minecraft:rotten_flesh":2,"minecraft:cooked_mutton":7,"minecraft:white_wool":1},"minecraft:used":{"minecraft:oak_trapdoor":24,"minecraft:cooked_mutton":2,"minecraft:water_bucket":6,"minecraft:diorite":5,"minecraft:iron_shovel":134,"minecraft:stone_pickaxe":3,"minecraft:chest":2,"minecraft:birch_boat":5,"minecraft:wooden_pickaxe":3,"minecraft:cobblestone_slab":14,"minecraft:torch":1,"minecraft:dirt":43,"minecraft:hopper":1,"minecraft:crafting_table":5,"minecraft:birch_sign":5,"minecraft:carrot":1,"minecraft:white_bed":21,"minecraft:shears":1,"minecraft:lever":1,"minecraft:diamond_pickaxe":159,"minecraft:wooden_axe":85,"minecraft:apple":1,"minecraft:string":4,"minecraft:birch_sapling":2,"minecraft:bamboo":7,"minecraft:tripwire_hook":2,"minecraft:cobblestone":45,"minecraft:smithing_table":1,"minecraft:cooked_porkchop":5,"minecraft:bucket":6,"minecraft:andesite":11,"minecraft:dandelion":2},"minecraft:crafted":{"minecraft:oak_planks":72,"minecraft:cobblestone_slab":12,"minecraft:emerald":48,"minecraft:tripwire_hook":2,"minecraft:cooked_porkchop":6,"minecraft:crafting_table":1,"minecraft:wooden_pickaxe":1,"minecraft:birch_boat":2,"minecraft:smithing_table":4,"minecraft:stone":7,"minecraft:lever":1,"minecraft:birch_planks":148,"minecraft:stone_axe":1,"minecraft:cooked_mutton":14,"minecraft:air":0,"minecraft:oak_trapdoor":20,"minecraft:hopper":1,"minecraft:white_wool":16,"minecraft:diamond_pickaxe":1,"minecraft:stick":4,"minecraft:iron_ingot":6,"minecraft:stone_pickaxe":1,"minecraft:wooden_axe":2,"minecraft:chest":3,"minecraft:iron_shovel":1,"minecraft:stonecutter":1,"minecraft:white_bed":6,"minecraft:stone_hoe":10,"minecraft:torch":4,"minecraft:shears":1,"minecraft:birch_sign":6},"minecraft:mined":{"minecraft:white_bed":18,"minecraft:dandelion":2,"minecraft:crafting_table":4,"minecraft:short_grass":127,"minecraft:grass_block":105,"minecraft:cobblestone":17,"minecraft:tall_grass":2,"minecraft:lapis_ore":2,"minecraft:oak_planks":1,"minecraft:diorite":5,"minecraft:oak_trapdoor":4,"minecraft:carrots":1,"minecraft:birch_log":37,"minecraft:iron_ore":6,"minecraft:andesite":11,"minecraft:pumpkin":1,"minecraft:yellow_bed":2,"minecraft:coal_ore":16,"minecraft:oak_log":33,"minecraft:cobblestone_slab":12,"minecraft:dirt":68,"minecraft:birch_wall_sign":1,"minecraft:bamboo":1,"minecraft:stone":93,"minecraft:tripwire":2,"minecraft:oak_leaves":5},"minecraft:custom":{"minecraft:interact_with_furnace":7,"minecraft:mob_kills":16,"minecraft:inspect_hopper":2,"minecraft:traded_with_villager":59,"minecraft:interact_with_crafting_table":24,"minecraft:leave_game":9,"minecraft:time_since_death":99748,"minecraft:sleep_in_bed":8,"minecraft:climb_one_cm":410,"minecraft:time_since_rest":5113,"minecraft:sprint_one_cm":217910,"minecraft:damage_taken":275,"minecraft:walk_one_cm":210938,"minecraft:drop":16,"minecraft:damage_dealt":1705,"minecraft:swim_one_cm":4793,"minecraft:talked_to_villager":15,"minecraft:fly_one_cm":105331,"minecraft:open_chest":36,"minecraft:crouch_one_cm":2037,"minecraft:play_time":99748,"minecraft:sneak_time":732,"minecraft:walk_under_water_one_cm":1837,"minecraft:boat_one_cm":66030,"minecraft:jump":587,"minecraft:interact_with_brewingstand":1,"minecraft:walk_on_water_one_cm":11532,"minecraft:interact_with_smoker":13,"minecraft:total_world_time":99748,"minecraft:fall_one_cm":16254},"minecraft:killed":{"minecraft:sheep":6,"minecraft:zombie":1,"minecraft:drowned":1,"minecraft:cow":8},"minecraft:picked_up":{"minecraft:birch_log":37,"minecraft:crafting_table":5,"minecraft:andesite":11,"minecraft:leather":10,"minecraft:brown_wool":2,"minecraft:lead":2,"minecraft:oak_log":33,"minecraft:yellow_bed":2,"minecraft:lapis_lazuli":12,"minecraft:string":2120,"minecraft:dirt":172,"minecraft:oak_trapdoor":4,"minecraft:apple":2,"minecraft:wheat_seeds":21,"minecraft:beef":13,"minecraft:cobblestone_slab":11,"minecraft:bamboo":7,"minecraft:birch_sapling":18,"minecraft:oak_planks":1,"minecraft:stick":23,"minecraft:raw_iron":6,"minecraft:pumpkin":1,"minecraft:birch_boat":4,"minecraft:cooked_porkchop":2,"minecraft:dandelion":2,"minecraft:diorite":5,"minecraft:white_bed":18,"minecraft:carrot":3,"minecraft:rotten_flesh":2,"minecraft:birch_sign":1,"minecraft:oak_sapling":20,"minecraft:mutton":8,"minecraft:coal":16,"minecraft:white_wool":4,"minecraft:cobblestone":107}},"DataVersion":3953}