{"stats":{"minecraft:broken":{"minecraft:iron_shovel":1,"minecraft:stone_hoe":1,"minecraft:wooden_axe":1},"minecraft:dropped":{"minecraft:stone_hoe":99,"minecraft:bread":145,"minecraft:wheat_seeds":2,"minecraft:diamond_axe":1,"minecraft:cooked_porkchop":3,"minecraft:granite":7,"minecraft:stick":4,"minecraft:dirt":2,"minecraft:jungle_slab":4,"minecraft:diorite":5,"minecraft:granite_slab":1,"minecraft:white_wool":1,"minecraft:stone_axe":2,"minecraft:bowl":2,"minecraft:diamond_hoe":13,"minecraft:rotten_flesh":4,"minecraft:diamond_shovel":3,"minecraft:cooked_mutton":7,"minecraft:carrot":175,"minecraft:cobblestone_slab":2,"minecraft:rabbit_stew":13,"minecraft:arrow":192,"minecraft:bow":14},"minecraft:used":{"minecraft:oak_trapdoor":48,"minecraft:jungle_leaves":2,"minecraft:iron_shovel":268,"minecraft:dispenser":1,"minecraft:diamond_hoe":9,"minecraft:ladder":4,"minecraft:oak_sign":3,"minecraft:chest":3,"minecraft:shield":5,"minecraft:stone":1,"minecraft:stone_hoe":181,"minecraft:torch":90,"minecraft:dirt":266,"minecraft:hopper":5,"minecraft:carrot":269,"minecraft:jungle_slab":2,"minecraft:furnace_minecart":1,"minecraft:granite":2,"minecraft:azure_bluet":1,"minecraft:jungle_sapling":2,"minecraft:wooden_axe":85,"minecraft:lava_bucket":1,"minecraft:birch_sapling":2,"minecraft:hopper_minecart":4,"minecraft:bamboo":24,"minecraft:rabbit_stew":2,"minecraft:birch_button":1,"minecraft:tripwire_hook":2,"minecraft:iron_trapdoor":1,"minecraft:scaffolding":90,"minecraft:furnace":3,"minecraft:cooked_mutton":7,"minecraft:water_bucket":20,"minecraft:diorite":6,"minecraft:birch_planks":5,"minecraft:powered_rail":6,"minecraft:stone_pickaxe":3,"minecraft:oak_planks":15,"minecraft:diamond_axe":11,"minecraft:wooden_pickaxe":3,"minecraft:birch_boat":6,"minecraft:composter":1,"minecraft:stonecutter":1,"minecraft:fletching_table":3,"minecraft:cobblestone_slab":98,"minecraft:jungle_boat":4,"minecraft:rail":73,"minecraft:blast_furnace":1,"minecraft:crafting_table":7,"minecraft:birch_sign":7,"minecraft:white_bed":41,"minecraft:shears":54,"minecraft:smoker":1,"minecraft:lightning_rod":1,"minecraft:lever":2,"minecraft:apple":1,"minecraft:diamond_pickaxe":1056,"minecraft:diamond_shovel":114,"minecraft:bread":2,"minecraft:string":4,"minecraft:granite_slab":5,"minecraft:stone_axe":104,"minecraft:jungle_sign":6,"minecraft:cobblestone":315,"minecraft:cooked_porkchop":13,"minecraft:smithing_table":3,"minecraft:andesite":11,"minecraft:bucket":21,"minecraft:dandelion":3},"minecraft:crafted":{"minecraft:smooth_stone":3,"minecraft:oak_planks":140,"minecraft:rabbit_stew":10,"minecraft:cobblestone_slab":12,"minecraft:oak_sign":6,"minecraft:tripwire_hook":2,"minecraft:diamond_hoe":9,"minecraft:birch_boat":2,"minecraft:lightning_rod":1,"minecraft:furnace":5,"minecraft:blast_furnace":1,"minecraft:stone":16,"minecraft:lever":2,"minecraft:diamond_shovel":5,"minecraft:cooked_mutton":14,"minecraft:oak_trapdoor":32,"minecraft:scaffolding":144,"minecraft:hopper":8,"minecraft:bow":13,"minecraft:ladder":3,"minecraft:stone_pickaxe":1,"minecraft:chest":10,"minecraft:birch_button":1,"minecraft:stone_hoe":72,"minecraft:birch_sign":6,"minecraft:smoker":1,"minecraft:wheat":405,"minecraft:minecart":6,"minecraft:furnace_minecart":1,"minecraft:arrow":10,"minecraft:emerald":616,"minecraft:cooked_porkchop":76,"minecraft:iron_trapdoor":1,"minecraft:diamond_axe":2,"minecraft:crafting_table":2,"minecraft:jungle_boat":1,"minecraft:powered_rail":6,"minecraft:wooden_pickaxe":1,"minecraft:bell":2,"minecraft:smithing_table":4,"minecraft:copper_ingot":8,"minecraft:fletching_table":1,"minecraft:hopper_minecart":4,"minecraft:birch_planks":148,"minecraft:stone_axe":1,"minecraft:jungle_slab":12,"minecraft:bread":147,"minecraft:air":0,"minecraft:jungle_planks":44,"minecraft:dispenser":1,"minecraft:white_wool":16,"minecraft:diamond_pickaxe":1,"minecraft:shield":1,"minecraft:stick":44,"minecraft:iron_ingot":86,"minecraft:wooden_axe":2,"minecraft:iron_shovel":1,"minecraft:gold_ingot":6,"minecraft:stonecutter":1,"minecraft:white_bed":6,"minecraft:composter":1,"minecraft:torch":92,"minecraft:shears":2,"minecraft:jungle_sign":6},"minecraft:mined":{"minecraft:white_bed":38,"minecraft:deepslate_diamond_ore":17,"minecraft:jungle_slab":1,"minecraft:jungle_leaves":3,"minecraft:glow_lichen":2,"minecraft:granite":27,"minecraft:grass_block":230,"minecraft:jungle_log":11,"minecraft:hopper":2,"minecraft:redstone_ore":8,"minecraft:oak_trapdoor":18,"minecraft:furnace":1,"minecraft:carrots":102,"minecraft:iron_ore":86,"minecraft:andesite":11,"minecraft:pumpkin":1,"minecraft:granite_slab":2,"minecraft:fletching_table":2,"minecraft:vine":1,"minecraft:dirt_path":6,"minecraft:cobblestone_slab":47,"minecraft:rail":170,"minecraft:birch_wall_sign":1,"minecraft:bamboo_sapling":1,"minecraft:bamboo":15,"minecraft:stone":422,"minecraft:tripwire":2,"minecraft:smithing_table":2,"minecraft:scaffolding":24,"minecraft:dandelion":2,"minecraft:oak_fence":1,"minecraft:crafting_table":6,"minecraft:torch":6,"minecraft:short_grass":171,"minecraft:chest":2,"minecraft:copper_ore":3,"minecraft:tall_grass":3,"minecraft:cobblestone":71,"minecraft:deepslate_coal_ore":4,"minecraft:deepslate_gold_ore":19,"minecraft:lapis_ore":2,"minecraft:oak_planks":39,"minecraft:diorite":11,"minecraft:wall_torch":6,"minecraft:birch_planks":1,"minecraft:birch_log":37,"minecraft:yellow_bed":2,"minecraft:oak_log":39,"minecraft:coal_ore":66,"minecraft:gravel":1,"minecraft:dirt":160,"minecraft:cobweb":50,"minecraft:tripwire_hook":2,"minecraft:gold_ore":12,"minecraft:deepslate":53,"minecraft:oak_leaves":5},"minecraft:custom":{"minecraft:mob_kills":20,"minecraft:inspect_hopper":3,"minecraft:interact_with_crafting_table":65,"minecraft:leave_game":9,"minecraft:time_since_death":339748,"minecraft:climb_one_cm":66509,"minecraft:sprint_one_cm":631067,"minecraft:walk_one_cm":861164,"minecraft:damage_blocked_by_shield":315,"minecraft:drop":498,"minecraft:talked_to_villager":141,"minecraft:play_time":339748,"minecraft:sneak_time":4421,"minecraft:walk_under_water_one_cm":5188,"minecraft:boat_one_cm":66038,"minecraft:jump":2382,"minecraft:interact_with_brewingstand":1,"minecraft:interact_with_blast_furnace":1,"minecraft:walk_on_water_one_cm":42096,"minecraft:total_world_time":339748,"minecraft:interact_with_furnace":34,"minecraft:traded_with_villager":754,"minecraft:interact_with_stonecutter":4,"minecraft:sleep_in_bed":23,"minecraft:time_since_rest":7532,"minecraft:damage_taken":825,"minecraft:damage_dealt":2915,"minecraft:swim_one_cm":4793,"minecraft:fly_one_cm":346917,"minecraft:open_chest":123,"minecraft:crouch_one_cm":13592,"minecraft:interact_with_smoker":14,"minecraft:fall_one_cm":56410,"minecraft:inspect_dispenser":6},"minecraft:killed":{"minecraft:skeleton":2,"minecraft:drowned":1,"minecraft:iron_golem":1,"minecraft:sheep":6,"minecraft:zombie":1,"minecraft:cow":8},"minecraft:picked_up":{"minecraft:cocoa_beans":3,"minecraft:crafting_table":7,"minecraft:azure_bluet":1,"minecraft:ladder":1,"minecraft:rabbit_stew":5,"minecraft:smithing_table":2,"minecraft:lead":2,"minecraft:oak_trapdoor":17,"minecraft:string":4632,"minecraft:raw_copper":9,"minecraft:cobbled_deepslate":51,"minecraft:beef":13,"minecraft:cobblestone_slab":47,"minecraft:jungle_sapling":2,"minecraft:minecart":2,"minecraft:chest":2,"minecraft:birch_sapling":18,"minecraft:diamond_hoe":5,"minecraft:furnace":1,"minecraft:stick":28,"minecraft:raw_iron":86,"minecraft:torch":15,"minecraft:diorite":11,"minecraft:carrot":406,"minecraft:redstone":35,"minecraft:arrow":161,"minecraft:rotten_flesh":4,"minecraft:gold_ingot":1,"minecraft:mutton":8,"minecraft:white_wool":4,"minecraft:rail":175,"minecraft:cobblestone":483,"minecraft:birch_log":37,"minecraft:furnace_minecart":1,"minecraft:jungle_boat":3,"minecraft:tripwire_hook":2,"minecraft:jungle_log":11,"minecraft:andesite":11,"minecraft:brown_wool":2,"minecraft:leather":10,"minecraft:birch_planks":1,"minecraft:oak_log":39,"minecraft:yellow_bed":2,"minecraft:lapis_lazuli":12,"minecraft:dirt":384,"minecraft:apple":2,"minecraft:bow":5,"minecraft:wheat_seeds":35,"minecraft:iron_ingot":5,"minecraft:raw_gold":31,"minecraft:cobweb":50,"minecraft:fletching_table":2,"minecraft:bamboo":168,"minecraft:stone_hoe":29,"minecraft:oak_planks":30,"minecraft:scaffolding":23,"minecraft:glow_lichen":2,"minecraft:cooked_porkchop":2,"minecraft:birch_boat":4,"minecraft:pumpkin":1,"minecraft:dandelion":3,"minecraft:granite_slab":2,"minecraft:white_bed":38,"minecraft:jungle_slab":1,"minecraft:jungle_leaves":3,"minecraft:diamond":17,"minecraft:stone_axe":1,"minecraft:lever":1,"minecraft:granite":26,"minecraft:birch_sign":2,"minecraft:oak_sapling":20,"minecraft:coal":70,"minecraft:hopper":2}},"DataVersion":3953}