{"stats":{"minecraft:broken":{"minecraft:stone_hoe":1,"minecraft:wooden_axe":1},"minecraft:dropped":{"minecraft:stone_hoe":10,"minecraft:wheat_seeds":1,"minecraft:cooked_porkchop":3,"minecraft:granite":7,"minecraft:stick":4,"minecraft:diorite":5,"minecraft:white_wool":1,"minecraft:rotten_flesh":2,"minecraft:cooked_mutton":7,"minecraft:arrow":192,"minecraft:bow":14},"minecraft:used":{"minecraft:oak_trapdoor":24,"minecraft:jungle_leaves":1,"minecraft:iron_shovel":265,"minecraft:dispenser":1,"minecraft:chest":3,"minecraft:shield":5,"minecraft:stone":1,"minecraft:stone_hoe":169,"minecraft:torch":71,"minecraft:dirt":215,"minecraft:hopper":5,"minecraft:carrot":3,"minecraft:wooden_axe":85,"minecraft:lava_bucket":1,"minecraft:birch_sapling":2,"minecraft:bamboo":22,"minecraft:birch_button":1,"minecraft:tripwire_hook":2,"minecraft:iron_trapdoor":1,"minecraft:scaffolding":63,"minecraft:furnace":2,"minecraft:cooked_mutton":7,"minecraft:water_bucket":10,"minecraft:diorite":5,"minecraft:birch_planks":5,"minecraft:powered_rail":6,"minecraft:stone_pickaxe":3,"minecraft:oak_planks":13,"minecraft:wooden_pickaxe":3,"minecraft:birch_boat":6,"minecraft:stonecutter":1,"minecraft:fletching_table":1,"minecraft:cobblestone_slab":62,"minecraft:rail":41,"minecraft:crafting_table":6,"minecraft:birch_sign":6,"minecraft:white_bed":21,"minecraft:shears":54,"minecraft:lever":2,"minecraft:apple":1,"minecraft:diamond_pickaxe":541,"minecraft:string":4,"minecraft:stone_axe":37,"minecraft:cobblestone":124,"minecraft:cooked_porkchop":5,"minecraft:smithing_table":1,"minecraft:andesite":11,"minecraft:bucket":10,"minecraft:dandelion":3},"minecraft:crafted":{"minecraft:oak_planks":132,"minecraft:cobblestone_slab":12,"minecraft:tripwire_hook":2,"minecraft:birch_boat":2,"minecraft:furnace":2,"minecraft:stone":8,"minecraft:lever":2,"minecraft:cooked_mutton":14,"minecraft:oak_trapdoor":22,"minecraft:scaffolding":66,"minecraft:hopper":8,"minecraft:bow":13,"minecraft:stone_pickaxe":1,"minecraft:chest":10,"minecraft:birch_button":1,"minecraft:stone_hoe":12,"minecraft:birch_sign":6,"minecraft:minecart":6,"minecraft:furnace_minecart":1,"minecraft:arrow":10,"minecraft:emerald":96,"minecraft:cooked_porkchop":6,"minecraft:iron_trapdoor":1,"minecraft:crafting_table":2,"minecraft:powered_rail":6,"minecraft:wooden_pickaxe":1,"minecraft:smithing_table":4,"minecraft:fletching_table":1,"minecraft:hopper_minecart":4,"minecraft:birch_planks":148,"minecraft:stone_axe":1,"minecraft:air":0,"minecraft:dispenser":1,"minecraft:white_wool":16,"minecraft:diamond_pickaxe":1,"minecraft:shield":1,"minecraft:stick":20,"minecraft:iron_ingot":80,"minecraft:wooden_axe":2,"minecraft:iron_shovel":1,"minecraft:gold_ingot":6,"minecraft:stonecutter":1,"minecraft:white_bed":6,"minecraft:torch":92,"minecraft:shears":2},"minecraft:mined":{"minecraft:white_bed":18,"minecraft:jungle_leaves":3,"minecraft:glow_lichen":2,"minecraft:granite":8,"minecraft:grass_block":188,"minecraft:hopper":1,"minecraft:redstone_ore":8,"minecraft:oak_trapdoor":4,"minecraft:furnace":1,"minecraft:carrots":1,"minecraft:iron_ore":80,"minecraft:andesite":11,"minecraft:pumpkin":1,"minecraft:dirt_path":6,"minecraft:cobblestone_slab":22,"minecraft:rail":136,"minecraft:birch_wall_sign":1,"minecraft:bamboo_sapling":1,"minecraft:bamboo":9,"minecraft:stone":153,"minecraft:tripwire":2,"minecraft:scaffolding":9,"minecraft:dandelion":2,"minecraft:oak_fence":1,"minecraft:crafting_table":4,"minecraft:torch":5,"minecraft:short_grass":166,"minecraft:copper_ore":3,"minecraft:tall_grass":3,"minecraft:cobblestone":29,"minecraft:deepslate_coal_ore":4,"minecraft:lapis_ore":2,"minecraft:oak_planks":22,"minecraft:diorite":10,"minecraft:wall_torch":3,"minecraft:birch_planks":1,"minecraft:birch_log":37,"minecraft:yellow_bed":2,"minecraft:oak_log":33,"minecraft:coal_ore":66,"minecraft:gravel":1,"minecraft:dirt":95,"minecraft:cobweb":50,"minecraft:gold_ore":7,"minecraft:oak_leaves":5},"minecraft:custom":{"minecraft:mob_kills":18,"minecraft:inspect_hopper":2,"minecraft:interact_with_crafting_table":40,"minecraft:leave_game":9,"minecraft:time_since_death":171748,"minecraft:climb_one_cm":17467,"minecraft:sprint_one_cm":354309,"minecraft:walk_one_cm":480861,"minecraft:damage_blocked_by_shield":315,"minecraft:drop":48,"minecraft:talked_to_villager":34,"minecraft:play_time":171748,"minecraft:sneak_time":2571,"minecraft:walk_under_water_one_cm":4075,"minecraft:boat_one_cm":66030,"minecraft:jump":1164,"minecraft:interact_with_brewingstand":1,"minecraft:walk_on_water_one_cm":32227,"minecraft:total_world_time":171748,"minecraft:interact_with_furnace":22,"minecraft:traded_with_villager":132,"minecraft:interact_with_stonecutter":3,"minecraft:sleep_in_bed":12,"minecraft:time_since_rest":94,"minecraft:damage_taken":345,"minecraft:damage_dealt":1945,"minecraft:swim_one_cm":4793,"minecraft:fly_one_cm":183455,"minecraft:open_chest":56,"minecraft:crouch_one_cm":9305,"minecraft:interact_with_smoker":13,"minecraft:fall_one_cm":26366,"minecraft:inspect_dispenser":1},"minecraft:killed":{"minecraft:skeleton":2,"minecraft:drowned":1,"minecraft:sheep":6,"minecraft:zombie":1,"minecraft:cow":8},"minecraft:picked_up":{"minecraft:crafting_table":5,"minecraft:lead":2,"minecraft:oak_trapdoor":4,"minecraft:string":2655,"minecraft:raw_copper":9,"minecraft:beef":13,"minecraft:cobblestone_slab":22,"minecraft:birch_sapling":18,"minecraft:furnace":1,"minecraft:stick":27,"minecraft:raw_iron":80,"minecraft:torch":8,"minecraft:diorite":10,"minecraft:carrot":3,"minecraft:redstone":35,"minecraft:arrow":160,"minecraft:rotten_flesh":2,"minecraft:gold_ingot":1,"minecraft:mutton":8,"minecraft:white_wool":4,"minecraft:rail":135,"minecraft:cobblestone":172,"minecraft:birch_log":37,"minecraft:andesite":11,"minecraft:brown_wool":2,"minecraft:leather":10,"minecraft:birch_planks":1,"minecraft:oak_log":33,"minecraft:yellow_bed":2,"minecraft:lapis_lazuli":12,"minecraft:dirt":281,"minecraft:apple":2,"minecraft:bow":5,"minecraft:wheat_seeds":34,"minecraft:raw_gold":7,"minecraft:cobweb":50,"minecraft:bamboo":88,"minecraft:oak_planks":16,"minecraft:scaffolding":8,"minecraft:glow_lichen":2,"minecraft:cooked_porkchop":2,"minecraft:birch_boat":4,"minecraft:pumpkin":1,"minecraft:dandelion":3,"minecraft:white_bed":18,"minecraft:jungle_leaves":3,"minecraft:granite":7,"minecraft:birch_sign":1,"minecraft:oak_sapling":20,"minecraft:coal":70,"minecraft:hopper":1}},"DataVersion":3953}