{"stats":{"minecraft:killed":{"minecraft:spider":1,"minecraft:skeleton":3,"minecraft:chicken":2,"minecraft:salmon":3,"minecraft:iron_golem":2,"minecraft:creeper":2,"minecraft:sheep":14,"minecraft:zombie":6,"minecraft:cow":10,"minecraft:bogged":1,"minecraft:slime":108,"minecraft:drowned":1,"minecraft:frog":1,"minecraft:wither_skeleton":6},"minecraft:used":{"minecraft:iron_shovel":268,"minecraft:dispenser":1,"minecraft:ladder":4,"minecraft:poppy":1,"minecraft:diamond_hoe":67,"minecraft:oak_sign":3,"minecraft:chest":11,"minecraft:shield":5,"minecraft:stone":12,"minecraft:carrot":308,"minecraft:jungle_slab":2,"minecraft:furnace_minecart":1,"minecraft:azure_bluet":1,"minecraft:obsidian":4,"minecraft:jungle_sapling":2,"minecraft:lava_bucket":10,"minecraft:birch_sapling":2,"minecraft:hopper_minecart":8,"minecraft:rabbit_stew":2,"minecraft:birch_button":1,"minecraft:bow":74,"minecraft:scaffolding":97,"minecraft:oak_sapling":7,"minecraft:furnace":4,"minecraft:potato":11,"minecraft:diorite":6,"minecraft:stone_pickaxe":3,"minecraft:powered_rail":6,"minecraft:oak_planks":111,"minecraft:wooden_pickaxe":3,"minecraft:composter":2,"minecraft:diamond_axe":320,"minecraft:jungle_boat":17,"minecraft:blast_furnace":1,"minecraft:shears":56,"minecraft:cobbled_deepslate_stairs":4,"minecraft:lightning_rod":1,"minecraft:lever":3,"minecraft:brown_wool":4,"minecraft:bread":6,"minecraft:string":8,"minecraft:oak_pressure_plate":2,"minecraft:deepslate":15,"minecraft:granite_slab":5,"minecraft:jungle_sign":6,"minecraft:fire_charge":1,"minecraft:smithing_table":6,"minecraft:andesite":11,"minecraft:oak_boat":17,"minecraft:bone_meal":9,"minecraft:oak_trapdoor":50,"minecraft:jungle_leaves":2,"minecraft:stone_hoe":483,"minecraft:netherrack":43,"minecraft:torch":188,"minecraft:dirt":463,"minecraft:hopper":5,"minecraft:granite":2,"minecraft:oak_fence_gate":2,"minecraft:wooden_axe":85,"minecraft:bamboo":88,"minecraft:tripwire_hook":4,"minecraft:iron_trapdoor":1,"minecraft:cobbled_deepslate":4,"minecraft:wheat_seeds":17,"minecraft:cooked_mutton":7,"minecraft:water_bucket":30,"minecraft:birch_planks":5,"minecraft:birch_boat":6,"minecraft:cauldron":1,"minecraft:fletching_table":3,"minecraft:stonecutter":2,"minecraft:cobblestone_slab":108,"minecraft:deepslate_bricks":86,"minecraft:rail":77,"minecraft:crafting_table":17,"minecraft:birch_sign":7,"minecraft:white_bed":46,"minecraft:smoker":1,"minecraft:deepslate_tile_wall":87,"minecraft:oak_log":18,"minecraft:diamond_pickaxe":1919,"minecraft:apple":2,"minecraft:diamond_shovel":381,"minecraft:stone_axe":104,"minecraft:cobblestone":390,"minecraft:cobbled_deepslate_slab":4,"minecraft:cooked_porkchop":32,"minecraft:bucket":39,"minecraft:dandelion":3},"minecraft:killed_by":{"minecraft:wither_skeleton":2},"minecraft:dropped":{"minecraft:diamond_axe":4,"minecraft:cooked_porkchop":3,"minecraft:jungle_planks":3,"minecraft:dirt":2,"minecraft:iron_pickaxe":10,"minecraft:white_wool":4,"minecraft:stone_axe":49,"minecraft:iron_nugget":5,"minecraft:cobbled_deepslate":48,"minecraft:rotten_flesh":9,"minecraft:diamond_shovel":6,"minecraft:cooked_mutton":7,"minecraft:carrot":286,"minecraft:tipped_arrow":21,"minecraft:arrow":263,"minecraft:scaffolding":6,"minecraft:stone_hoe":100,"minecraft:bread":145,"minecraft:wheat_seeds":10,"minecraft:cobblestone":96,"minecraft:granite":11,"minecraft:chainmail_helmet":29,"minecraft:stick":20,"minecraft:jungle_slab":4,"minecraft:diorite":5,"minecraft:granite_slab":1,"minecraft:smooth_stone":5,"minecraft:chainmail_leggings":24,"minecraft:string":212,"minecraft:lily_pad":6,"minecraft:oak_trapdoor":1,"minecraft:bowl":2,"minecraft:diamond_hoe":13,"minecraft:stone_shovel":85,"minecraft:shears":1,"minecraft:cobblestone_slab":3,"minecraft:stone":10,"minecraft:iron_chestplate":20,"minecraft:andesite":11,"minecraft:oak_sapling":5,"minecraft:oak_boat":1,"minecraft:slime_ball":6,"minecraft:rabbit_stew":13,"minecraft:bow":14,"minecraft:stone_pickaxe":36,"minecraft:bell":2},"minecraft:broken":{"minecraft:iron_shovel":1,"minecraft:wooden_axe":1,"minecraft:stone_hoe":2},"minecraft:picked_up":{"minecraft:iron_chestplate":10,"minecraft:wheat":3,"minecraft:smithing_table":3,"minecraft:lead":11,"minecraft:string":9282,"minecraft:raw_copper":9,"minecraft:diamond_leggings":1,"minecraft:gold_nugget":9,"minecraft:cobbled_deepslate":239,"minecraft:bucket":1,"minecraft:cobblestone_slab":53,"minecraft:deepslate_tile_wall":5,"minecraft:furnace":1,"minecraft:tipped_arrow":15,"minecraft:stick":71,"minecraft:torch":41,"minecraft:diorite":15,"minecraft:cauldron":2,"minecraft:rotten_flesh":9,"minecraft:glowstone":42,"minecraft:obsidian":4,"minecraft:cobblestone":624,"minecraft:birch_log":37,"minecraft:furnace_minecart":1,"minecraft:andesite":29,"minecraft:jungle_log":13,"minecraft:brown_wool":8,"minecraft:potato":10,"minecraft:tuff":24,"minecraft:lapis_lazuli":12,"minecraft:dirt":612,"minecraft:bone":17,"minecraft:bow":6,"minecraft:wheat_seeds":65,"minecraft:raw_gold":31,"minecraft:fletching_table":2,"minecraft:diamond_helmet":1,"minecraft:bamboo":471,"minecraft:moss_block":1,"minecraft:stone_hoe":29,"minecraft:oak_planks":83,"minecraft:glow_lichen":2,"minecraft:cooked_porkchop":45,"minecraft:granite_slab":2,"minecraft:jungle_slab":1,"minecraft:jungle_leaves":3,"minecraft:deepslate":15,"minecraft:diamond":17,"minecraft:lever":2,"minecraft:granite":30,"minecraft:chainmail_helmet":14,"minecraft:oak_sapling":81,"minecraft:netherrack":275,"minecraft:diamond_pickaxe":1,"minecraft:cocoa_beans":3,"minecraft:crafting_table":15,"minecraft:azure_bluet":1,"minecraft:ladder":1,"minecraft:rabbit_stew":5,"minecraft:brown_mushroom":4,"minecraft:gold_block":3,"minecraft:shield":1,"minecraft:oak_trapdoor":19,"minecraft:blackstone":48,"minecraft:beef":13,"minecraft:oak_boat":13,"minecraft:poppy":1,"minecraft:jungle_sapling":2,"minecraft:iron_nugget":32,"minecraft:minecart":6,"minecraft:chest":6,"minecraft:birch_sapling":18,"minecraft:diamond_hoe":6,"minecraft:egg":1,"minecraft:raw_iron":124,"minecraft:stone":69,"minecraft:carrot":454,"minecraft:redstone":35,"minecraft:stone_shovel":12,"minecraft:arrow":234,"minecraft:diamond_chestplate":1,"minecraft:deepslate_bricks":2,"minecraft:diamond_boots":1,"minecraft:hay_block":9,"minecraft:gold_ingot":1,"minecraft:mutton":11,"minecraft:white_wool":7,"minecraft:rail":177,"minecraft:jungle_boat":16,"minecraft:basalt":176,"minecraft:tripwire_hook":4,"minecraft:salmon":3,"minecraft:leather":13,"minecraft:birch_planks":1,"minecraft:lily_pad":48,"minecraft:oak_log":124,"minecraft:golden_boots":1,"minecraft:yellow_bed":2,"minecraft:apple":4,"minecraft:stone_pickaxe":12,"minecraft:iron_ingot":10,"minecraft:cobweb":50,"minecraft:scaffolding":99,"minecraft:nether_quartz_ore":196,"minecraft:birch_boat":4,"minecraft:pumpkin":11,"minecraft:dandelion":3,"minecraft:white_bed":42,"minecraft:spider_eye":1,"minecraft:diamond_shovel":1,"minecraft:slime_ball":74,"minecraft:stone_axe":14,"minecraft:chainmail_leggings":12,"minecraft:diamond_axe":1,"minecraft:birch_sign":2,"minecraft:coal":78,"minecraft:hopper":2},"minecraft:mined":{"minecraft:white_bed":42,"minecraft:farmland":9,"minecraft:jungle_slab":1,"minecraft:jungle_leaves":3,"minecraft:obsidian":4,"minecraft:granite":31,"minecraft:deepslate_tile_wall":5,"minecraft:grass_block":381,"minecraft:brown_wool":4,"minecraft:jungle_log":13,"minecraft:deepslate_bricks":2,"minecraft:hopper":2,"minecraft:glowstone":21,"minecraft:cobbled_deepslate":1,"minecraft:iron_ore":124,"minecraft:fire":3,"minecraft:pumpkin":11,"minecraft:granite_slab":2,"minecraft:fletching_table":2,"minecraft:dirt_path":6,"minecraft:birch_wall_sign":1,"minecraft:tripwire":2,"minecraft:brown_mushroom":2,"minecraft:blackstone":24,"minecraft:torch":24,"minecraft:chest":6,"minecraft:dead_bush":1,"minecraft:nether_quartz_ore":98,"minecraft:cobblestone":104,"minecraft:oak_planks":81,"minecraft:wall_torch":8,"minecraft:cauldron":2,"minecraft:birch_log":37,"minecraft:wheat":4,"minecraft:oak_log":124,"minecraft:dirt":248,"minecraft:tripwire_hook":4,"minecraft:netherrack":166,"minecraft:oak_leaves":6,"minecraft:deepslate":255,"minecraft:tuff":24,"minecraft:deepslate_diamond_ore":17,"minecraft:glow_lichen":2,"minecraft:moss_block":1,"minecraft:hay_block":9,"minecraft:redstone_ore":8,"minecraft:oak_trapdoor":20,"minecraft:furnace":1,"minecraft:carrots":121,"minecraft:andesite":29,"minecraft:gold_block":3,"minecraft:potatoes":6,"minecraft:cobblestone_slab":53,"minecraft:vine":12,"minecraft:rail":174,"minecraft:bamboo_sapling":1,"minecraft:bamboo":48,"minecraft:stone":524,"minecraft:smithing_table":3,"minecraft:scaffolding":33,"minecraft:basalt":88,"minecraft:dandelion":2,"minecraft:oak_fence":1,"minecraft:crafting_table":13,"minecraft:short_grass":294,"minecraft:tall_grass":3,"minecraft:copper_ore":3,"minecraft:deepslate_coal_ore":4,"minecraft:lapis_ore":2,"minecraft:deepslate_gold_ore":19,"minecraft:lily_pad":9,"minecraft:diorite":15,"minecraft:birch_planks":1,"minecraft:yellow_bed":2,"minecraft:coal_ore":66,"minecraft:gravel":1,"minecraft:cobweb":50,"minecraft:gold_ore":12,"minecraft:fern":1},"minecraft:custom":{"minecraft:interact_with_crafting_table":98,"minecraft:bell_ring":1,"minecraft:leave_game":12,"minecraft:time_since_death":165751,"minecraft:sprint_one_cm":1173906,"minecraft:damage_blocked_by_shield":315,"minecraft:drop":921,"minecraft:talked_to_villager":344,"minecraft:play_time":740474,"minecraft:deaths":2,"minecraft:jump":4277,"minecraft:interact_with_brewingstand":1,"minecraft:walk_on_water_one_cm":70829,"minecraft:interact_with_furnace":45,"minecraft:traded_with_villager":1343,"minecraft:sleep_in_bed":41,"minecraft:damage_dealt":6372,"minecraft:crouch_one_cm":15692,"minecraft:interact_with_smoker":14,"minecraft:inspect_dispenser":11,"minecraft:interact_with_smithing_table":1,"minecraft:mob_kills":161,"minecraft:inspect_hopper":5,"minecraft:climb_one_cm":92192,"minecraft:walk_one_cm":1549874,"minecraft:sneak_time":6195,"minecraft:walk_under_water_one_cm":16532,"minecraft:boat_one_cm":386566,"minecraft:interact_with_blast_furnace":10,"minecraft:total_world_time":740474,"minecraft:interact_with_stonecutter":11,"minecraft:time_since_rest":100912,"minecraft:damage_taken":2250,"minecraft:swim_one_cm":9936,"minecraft:fly_one_cm":672822,"minecraft:open_chest":260,"minecraft:fall_one_cm":92070},"minecraft:crafted":{"minecraft:oak_planks":304,"minecraft:smooth_stone":8,"minecraft:chainmail_helmet":15,"minecraft:cobblestone_slab":12,"minecraft:oak_sign":6,"minecraft:oak_pressure_plate":2,"minecraft:birch_boat":2,"minecraft:lightning_rod":1,"minecraft:slime_block":7,"minecraft:stone":24,"minecraft:lever":3,"minecraft:diamond_shovel":11,"minecraft:cooked_mutton":14,"minecraft:hopper":8,"minecraft:diamond_helmet":1,"minecraft:bow":13,"minecraft:diamond_leggings":1,"minecraft:tipped_arrow":95,"minecraft:chest":12,"minecraft:birch_button":1,"minecraft:stone_hoe":75,"minecraft:golden_boots":1,"minecraft:smoker":1,"minecraft:furnace_minecart":1,"minecraft:emerald":991,"minecraft:arrow":42,"minecraft:cooked_porkchop":76,"minecraft:diamond_axe":6,"minecraft:crafting_table":4,"minecraft:jungle_boat":2,"minecraft:wooden_pickaxe":1,"minecraft:smithing_table":4,"minecraft:copper_ingot":8,"minecraft:fletching_table":1,"minecraft:hopper_minecart":4,"minecraft:birch_planks":148,"minecraft:dispenser":1,"minecraft:iron_chestplate":10,"minecraft:diamond_pickaxe":3,"minecraft:shield":1,"minecraft:stick":56,"minecraft:iron_ingot":127,"minecraft:iron_pickaxe":10,"minecraft:gold_ingot":39,"minecraft:composter":1,"minecraft:shears":2,"minecraft:jungle_sign":6,"minecraft:rabbit_stew":10,"minecraft:stone_shovel":73,"minecraft:tripwire_hook":2,"minecraft:diamond_hoe":9,"minecraft:furnace":6,"minecraft:blast_furnace":1,"minecraft:bone_meal":9,"minecraft:oak_trapdoor":32,"minecraft:scaffolding":144,"minecraft:ladder":3,"minecraft:stone_pickaxe":25,"minecraft:diamond_boots":1,"minecraft:chainmail_leggings":12,"minecraft:birch_sign":6,"minecraft:minecart":6,"minecraft:wheat":486,"minecraft:iron_trapdoor":1,"minecraft:powered_rail":6,"minecraft:bell":2,"minecraft:bucket":1,"minecraft:stone_axe":35,"minecraft:jungle_slab":12,"minecraft:bread":174,"minecraft:air":0,"minecraft:jungle_planks":52,"minecraft:oak_fence_gate":2,"minecraft:oak_boat":10,"minecraft:white_wool":16,"minecraft:wooden_axe":2,"minecraft:iron_shovel":1,"minecraft:stonecutter":2,"minecraft:white_bed":6,"minecraft:torch":152,"minecraft:diamond_chestplate":1}},"DataVersion":3953}