{"stats":{"minecraft:broken":{"minecraft:iron_shovel":1,"minecraft:wooden_axe":1,"minecraft:stone_hoe":1},"minecraft:dropped":{"minecraft:diamond_axe":4,"minecraft:cooked_porkchop":3,"minecraft:jungle_planks":3,"minecraft:dirt":2,"minecraft:iron_pickaxe":10,"minecraft:white_wool":4,"minecraft:stone_axe":49,"minecraft:cobbled_deepslate":48,"minecraft:rotten_flesh":9,"minecraft:diamond_shovel":6,"minecraft:cooked_mutton":7,"minecraft:carrot":286,"minecraft:tipped_arrow":21,"minecraft:arrow":263,"minecraft:scaffolding":6,"minecraft:stone_hoe":99,"minecraft:bread":145,"minecraft:wheat_seeds":6,"minecraft:cobblestone":96,"minecraft:granite":11,"minecraft:chainmail_helmet":29,"minecraft:stick":20,"minecraft:jungle_slab":4,"minecraft:diorite":5,"minecraft:granite_slab":1,"minecraft:smooth_stone":5,"minecraft:chainmail_leggings":24,"minecraft:string":212,"minecraft:lily_pad":1,"minecraft:oak_trapdoor":1,"minecraft:bowl":2,"minecraft:diamond_hoe":13,"minecraft:stone_shovel":85,"minecraft:shears":1,"minecraft:cobblestone_slab":3,"minecraft:stone":10,"minecraft:iron_chestplate":20,"minecraft:andesite":11,"minecraft:oak_sapling":5,"minecraft:slime_ball":6,"minecraft:rabbit_stew":13,"minecraft:bow":14,"minecraft:stone_pickaxe":36,"minecraft:bell":2},"minecraft:used":{"minecraft:iron_shovel":268,"minecraft:dispenser":1,"minecraft:ladder":4,"minecraft:diamond_hoe":18,"minecraft:poppy":1,"minecraft:oak_sign":3,"minecraft:shield":5,"minecraft:chest":8,"minecraft:stone":1,"minecraft:carrot":282,"minecraft:jungle_slab":2,"minecraft:furnace_minecart":1,"minecraft:azure_bluet":1,"minecraft:jungle_sapling":2,"minecraft:lava_bucket":6,"minecraft:birch_sapling":2,"minecraft:hopper_minecart":8,"minecraft:rabbit_stew":2,"minecraft:birch_button":1,"minecraft:bow":71,"minecraft:scaffolding":97,"minecraft:furnace":3,"minecraft:diorite":6,"minecraft:stone_pickaxe":3,"minecraft:powered_rail":6,"minecraft:oak_planks":16,"minecraft:wooden_pickaxe":3,"minecraft:composter":2,"minecraft:diamond_axe":142,"minecraft:jungle_boat":17,"minecraft:blast_furnace":1,"minecraft:shears":56,"minecraft:lightning_rod":1,"minecraft:lever":3,"minecraft:bread":2,"minecraft:string":8,"minecraft:granite_slab":5,"minecraft:jungle_sign":6,"minecraft:smithing_table":6,"minecraft:andesite":11,"minecraft:oak_boat":2,"minecraft:oak_trapdoor":50,"minecraft:jungle_leaves":2,"minecraft:stone_hoe":181,"minecraft:torch":113,"minecraft:dirt":270,"minecraft:hopper":5,"minecraft:granite":2,"minecraft:wooden_axe":85,"minecraft:bamboo":24,"minecraft:tripwire_hook":4,"minecraft:iron_trapdoor":1,"minecraft:cobbled_deepslate":3,"minecraft:cooked_mutton":7,"minecraft:water_bucket":24,"minecraft:birch_planks":5,"minecraft:birch_boat":6,"minecraft:fletching_table":3,"minecraft:stonecutter":1,"minecraft:cobblestone_slab":108,"minecraft:rail":77,"minecraft:crafting_table":12,"minecraft:birch_sign":7,"minecraft:white_bed":43,"minecraft:smoker":1,"minecraft:diamond_pickaxe":1199,"minecraft:apple":1,"minecraft:diamond_shovel":120,"minecraft:stone_axe":104,"minecraft:cobblestone":390,"minecraft:cooked_porkchop":24,"minecraft:bucket":31,"minecraft:dandelion":3},"minecraft:crafted":{"minecraft:oak_planks":192,"minecraft:smooth_stone":8,"minecraft:chainmail_helmet":15,"minecraft:cobblestone_slab":12,"minecraft:oak_sign":6,"minecraft:birch_boat":2,"minecraft:lightning_rod":1,"minecraft:slime_block":7,"minecraft:stone":16,"minecraft:lever":3,"minecraft:diamond_shovel":11,"minecraft:cooked_mutton":14,"minecraft:hopper":8,"minecraft:diamond_helmet":1,"minecraft:bow":13,"minecraft:diamond_leggings":1,"minecraft:tipped_arrow":95,"minecraft:chest":12,"minecraft:birch_button":1,"minecraft:stone_hoe":72,"minecraft:smoker":1,"minecraft:furnace_minecart":1,"minecraft:arrow":42,"minecraft:emerald":991,"minecraft:cooked_porkchop":76,"minecraft:diamond_axe":5,"minecraft:crafting_table":4,"minecraft:jungle_boat":2,"minecraft:wooden_pickaxe":1,"minecraft:smithing_table":4,"minecraft:copper_ingot":8,"minecraft:fletching_table":1,"minecraft:hopper_minecart":4,"minecraft:birch_planks":148,"minecraft:dispenser":1,"minecraft:iron_chestplate":10,"minecraft:diamond_pickaxe":3,"minecraft:shield":1,"minecraft:stick":52,"minecraft:iron_ingot":124,"minecraft:iron_pickaxe":10,"minecraft:gold_ingot":39,"minecraft:composter":1,"minecraft:shears":2,"minecraft:jungle_sign":6,"minecraft:rabbit_stew":10,"minecraft:stone_shovel":73,"minecraft:tripwire_hook":2,"minecraft:diamond_hoe":9,"minecraft:furnace":5,"minecraft:blast_furnace":1,"minecraft:oak_trapdoor":32,"minecraft:scaffolding":144,"minecraft:ladder":3,"minecraft:stone_pickaxe":25,"minecraft:diamond_boots":1,"minecraft:chainmail_leggings":12,"minecraft:birch_sign":6,"minecraft:minecart":6,"minecraft:wheat":405,"minecraft:iron_trapdoor":1,"minecraft:powered_rail":6,"minecraft:bell":2,"minecraft:bucket":1,"minecraft:stone_axe":35,"minecraft:jungle_slab":12,"minecraft:bread":147,"minecraft:air":0,"minecraft:jungle_planks":52,"minecraft:oak_boat":3,"minecraft:white_wool":16,"minecraft:wooden_axe":2,"minecraft:iron_shovel":1,"minecraft:stonecutter":1,"minecraft:white_bed":6,"minecraft:torch":124,"minecraft:diamond_chestplate":1},"minecraft:mined":{"minecraft:white_bed":39,"minecraft:jungle_slab":1,"minecraft:jungle_leaves":3,"minecraft:granite":31,"minecraft:grass_block":237,"minecraft:jungle_log":13,"minecraft:hopper":2,"minecraft:iron_ore":124,"minecraft:pumpkin":11,"minecraft:fletching_table":2,"minecraft:granite_slab":2,"minecraft:dirt_path":6,"minecraft:birch_wall_sign":1,"minecraft:tripwire":2,"minecraft:torch":7,"minecraft:chest":3,"minecraft:cobblestone":104,"minecraft:oak_planks":40,"minecraft:wall_torch":6,"minecraft:birch_log":37,"minecraft:oak_log":52,"minecraft:dirt":166,"minecraft:tripwire_hook":4,"minecraft:oak_leaves":5,"minecraft:deepslate":53,"minecraft:deepslate_diamond_ore":17,"minecraft:glow_lichen":2,"minecraft:moss_block":1,"minecraft:redstone_ore":8,"minecraft:oak_trapdoor":20,"minecraft:furnace":1,"minecraft:carrots":107,"minecraft:andesite":22,"minecraft:gold_block":1,"minecraft:cobblestone_slab":53,"minecraft:vine":3,"minecraft:rail":174,"minecraft:bamboo_sapling":1,"minecraft:bamboo":16,"minecraft:stone":465,"minecraft:smithing_table":3,"minecraft:scaffolding":33,"minecraft:dandelion":2,"minecraft:oak_fence":1,"minecraft:crafting_table":8,"minecraft:short_grass":181,"minecraft:tall_grass":3,"minecraft:copper_ore":3,"minecraft:deepslate_coal_ore":4,"minecraft:lapis_ore":2,"minecraft:deepslate_gold_ore":19,"minecraft:lily_pad":5,"minecraft:diorite":11,"minecraft:birch_planks":1,"minecraft:yellow_bed":2,"minecraft:coal_ore":66,"minecraft:gravel":1,"minecraft:cobweb":50,"minecraft:gold_ore":12,"minecraft:fern":1},"minecraft:custom":{"minecraft:interact_with_crafting_table":77,"minecraft:leave_game":9,"minecraft:time_since_death":501748,"minecraft:sprint_one_cm":892304,"minecraft:damage_blocked_by_shield":315,"minecraft:drop":916,"minecraft:talked_to_villager":343,"minecraft:play_time":501748,"minecraft:jump":3436,"minecraft:interact_with_brewingstand":1,"minecraft:walk_on_water_one_cm":61648,"minecraft:interact_with_furnace":42,"minecraft:traded_with_villager":1343,"minecraft:sleep_in_bed":33,"minecraft:damage_dealt":4165,"minecraft:crouch_one_cm":15432,"minecraft:interact_with_smoker":14,"minecraft:inspect_dispenser":11,"minecraft:interact_with_smithing_table":1,"minecraft:mob_kills":145,"minecraft:inspect_hopper":5,"minecraft:climb_one_cm":91472,"minecraft:walk_one_cm":1129571,"minecraft:sneak_time":6092,"minecraft:walk_under_water_one_cm":15947,"minecraft:boat_one_cm":242868,"minecraft:interact_with_blast_furnace":10,"minecraft:total_world_time":501748,"minecraft:interact_with_stonecutter":4,"minecraft:time_since_rest":4794,"minecraft:damage_taken":1220,"minecraft:swim_one_cm":9936,"minecraft:fly_one_cm":527674,"minecraft:open_chest":154,"minecraft:fall_one_cm":80539},"minecraft:killed":{"minecraft:skeleton":2,"minecraft:chicken":1,"minecraft:salmon":3,"minecraft:iron_golem":2,"minecraft:creeper":2,"minecraft:sheep":10,"minecraft:zombie":5,"minecraft:cow":10,"minecraft:slime":108,"minecraft:drowned":1},"minecraft:picked_up":{"minecraft:iron_chestplate":10,"minecraft:smithing_table":3,"minecraft:lead":3,"minecraft:string":9282,"minecraft:raw_copper":9,"minecraft:cobbled_deepslate":51,"minecraft:cobblestone_slab":53,"minecraft:furnace":1,"minecraft:tipped_arrow":14,"minecraft:stick":48,"minecraft:torch":18,"minecraft:diorite":11,"minecraft:rotten_flesh":9,"minecraft:cobblestone":624,"minecraft:birch_log":37,"minecraft:furnace_minecart":1,"minecraft:andesite":22,"minecraft:jungle_log":13,"minecraft:brown_wool":2,"minecraft:lapis_lazuli":12,"minecraft:dirt":389,"minecraft:bow":5,"minecraft:wheat_seeds":39,"minecraft:raw_gold":31,"minecraft:bamboo":181,"minecraft:fletching_table":2,"minecraft:moss_block":1,"minecraft:oak_planks":31,"minecraft:stone_hoe":29,"minecraft:glow_lichen":2,"minecraft:cooked_porkchop":2,"minecraft:granite_slab":2,"minecraft:jungle_slab":1,"minecraft:jungle_leaves":3,"minecraft:diamond":17,"minecraft:lever":2,"minecraft:granite":30,"minecraft:chainmail_helmet":14,"minecraft:oak_sapling":36,"minecraft:cocoa_beans":3,"minecraft:crafting_table":9,"minecraft:azure_bluet":1,"minecraft:ladder":1,"minecraft:rabbit_stew":5,"minecraft:gold_block":1,"minecraft:oak_trapdoor":19,"minecraft:beef":13,"minecraft:oak_boat":1,"minecraft:jungle_sapling":2,"minecraft:poppy":1,"minecraft:minecart":6,"minecraft:chest":3,"minecraft:birch_sapling":18,"minecraft:diamond_hoe":5,"minecraft:raw_iron":124,"minecraft:stone":10,"minecraft:carrot":428,"minecraft:redstone":35,"minecraft:arrow":232,"minecraft:stone_shovel":12,"minecraft:gold_ingot":1,"minecraft:mutton":8,"minecraft:rail":177,"minecraft:white_wool":7,"minecraft:jungle_boat":16,"minecraft:tripwire_hook":4,"minecraft:salmon":3,"minecraft:leather":13,"minecraft:birch_planks":1,"minecraft:oak_log":52,"minecraft:lily_pad":19,"minecraft:yellow_bed":2,"minecraft:apple":2,"minecraft:iron_ingot":10,"minecraft:stone_pickaxe":12,"minecraft:cobweb":50,"minecraft:scaffolding":35,"minecraft:pumpkin":11,"minecraft:birch_boat":4,"minecraft:dandelion":3,"minecraft:white_bed":39,"minecraft:slime_ball":74,"minecraft:stone_axe":14,"minecraft:chainmail_leggings":12,"minecraft:birch_sign":2,"minecraft:coal":70,"minecraft:hopper":2}},"DataVersion":3953}