{
  "vanillatweaks:root": {
    "criteria": {
      "tick": "2024-07-18 18:54:42 +0000"
    },
    "done": true
  },
  "vanillatweaks:player_head_drops": {
    "criteria": {
      "tick": "2024-07-18 18:54:42 +0000"
    },
    "done": true
  },
  "vanillatweaks:fast_leaf_decay": {
    "criteria": {
      "tick": "2024-07-18 18:54:42 +0000"
    },
    "done": true
  },
  "minecraft:recipes/decorations/crafting_table": {
    "criteria": {
      "unlock_right_away": "2024-07-18 18:54:42 +0000"
    },
    "done": true
  },
  "vanillatweaks:silence_mobs": {
    "criteria": {
      "tick": "2024-07-18 18:54:42 +0000"
    },
    "done": true
  },
  "minecraft:adventure/root": {
    "criteria": {
      "killed_by_something": "2024-07-18 18:55:49 +0000"
    },
    "done": true
  },
  "vanillatweaks:custom_nether_portals": {
    "criteria": {
      "tick": "2024-07-18 18:54:42 +0000"
    },
    "done": true
  },
  "minecraft:adventure/adventuring_time": {
    "criteria": {
      "minecraft:plains": "2024-07-18 18:54:43 +0000"
    },
    "done": false
  },
  "vanillatweaks:anti_enderman_grief": {
    "criteria": {
      "tick": "2024-07-18 18:54:42 +0000"
    },
    "done": true
  },
  "vanillatweaks:double_shulker_shells": {
    "criteria": {
      "tick": "2024-07-18 18:54:42 +0000"
    },
    "done": true
  },
  "vanillatweaks:more_mob_heads": {
    "criteria": {
      "tick": "2024-07-18 18:54:42 +0000"
    },
    "done": true
  },
  "animal_feeding_trough:recipes/decorations/feeding_trough": {
    "criteria": {
      "has_wood_slab": "2024-07-18 18:55:10 +0000"
    },
    "done": true
  },
  "vanillatweaks:name_colors": {
    "criteria": {
      "tick": "2024-07-18 18:54:42 +0000"
    },
    "done": true
  },
  "DataVersion": 3953
}